Brand,Model,Price,Ratings,Capacity(kg),Machine Type,Load Type,Warranty(Years)
MarQ,by Flipkart Rating Innowash Range Maro...,6990,4.3,6.0,Semi Automatic,Top Load,2.0
MOTOROLA,rating Midnight Series,10490,4.3,10.0,Semi Automatic,Top Load,2.0
realme,TechLife rating,7990,4.2,7.0,Semi Automatic,Top Load,2.0
VW,NA,6899,4.4,7.5,Semi Automatic,Top Load,
realme,TechLife,10490,4.2,10.0,Semi Automatic,Top Load,2.0
Samsung,Air Turbo Drying,9290,4.4,6.5,Semi Automatic,Top Load,2.0
Samsung,NA,11990,4.4,8.0,Semi Automatic,Top Load,2.0
realme,TechLife Rating,8390,4.2,7.5,Semi Automatic,Top Load,2.0
Haier,Balance Clean Pulsator Custom Wash Cycles with 15 Mins Quick Wash Magic Filter Fully Au...,12790,4.3,6.5,,,2.0
VW,Maroon,7299,4.4,8.0,Semi Automatic,Top Load,
realme,TechLife Rating Fabric Safe Wash,12290,4.1,7.5,Fully Automatic,Top Load,2.0
MarQ,by Flipkart Rating Innowash Range,7490,4.3,7.0,Semi Automatic,Top Load,2.0
Thomson,Aqua Magic,7990,4.2,7.5,Semi Automatic,Top Load,2.0
LG,Smart Inverter Technology TurboDrum Smart Diagnosis with Soft Closing Door Fully Aut...,19990,4.4,8.0,,,2.0
Haier,Anti Bacterial Vortex Pulsator 1300 RPM Spray Function Wash Programs Magic Filter Rat ...,8990,4.3,7.0,,,2.0
Samsung,NA,10990,4.4,7.5,Semi Automatic,Top Load,2.0
Whirlpool,Magic Clean,14990,4.1,7.0,Fully Automatic,Top Load,2.0
realme,TechLife Star Air Dry Soft Closing Lid,12290,4.2,7.5,Fully Automatic,Top Load,
Samsung,Air Turbo Drying Purple,10290,4.4,7.0,Semi Automatic,Top Load,2.0
LG,with Wind Jet Dry Collar Scrubber and Rust Free Plastic Base W...,11490,4.5,7.0,Semi Automatic,Top Load,2.0
MarQ,by Flipkart,11490,4.1,7.5,Fully Automatic,Top Load,
realme,TechLife rating,10290,4.2,8.5,Semi Automatic,Top Load,2.0
Thomson,Washer only,4790,4.0,7.0,,,1.0
Haier,Balance Clean Pulsator Custom Wash Cycles with 15 Mins Quick Wash Magic Filter Fully Auto...,13690,4.3,7.0,,,2.0
MOTOROLA,rating Midnight Series,7990,4.3,7.0,Semi Automatic,Top Load,2.0
Voltas,Beko by A Tata Product Maroon,8890,4.3,7.0,Semi Automatic,Top Load,1.0
MarQ,by Flipkart Rating Innowash Range Maro...,6990,4.3,6.0,Semi Automatic,Top Load,2.0
realme,TechLife rating,7990,4.2,7.0,Semi Automatic,Top Load,2.0
MOTOROLA,rating Midnight Series,10490,4.3,10.0,Semi Automatic,Top Load,2.0
Voltas,Beko Maroon,7490,4.3,6.0,Semi Automatic,Top Load,1.0
realme,TechLife Rating,8390,4.2,7.5,Semi Automatic,Top Load,2.0
realme,TechLife Rating Fabric Safe Wash,12290,4.1,7.5,Fully Automatic,Top Load,2.0
Samsung,AI Control Wi-Fi Digital Inverter wi...,29490,4.2,7.0,Fully Automatic,Front Load,2.0
Thomson,Aqua Magic Grande Series with Floral Toughened Glass with Soft Closure and Double...,10999,4.0,10.0,,,2.0
Whirlpool,with Memory Retention End of Cycle Buzzer and Collar Scrubber ...,10990,4.4,7.5,Semi Automatic,,
LG,Smart Inverter Technology TurboDrum Smart Diagnosis with Soft Closing Door Fully Aut...,19990,4.4,8.0,,,2.0
MarQ,by Flipkart Rating Innowash Range,7490,4.3,7.0,Semi Automatic,Top Load,2.0
Whirlpool,Magic Clean,14990,4.1,7.0,Fully Automatic,Top Load,2.0
Samsung,Ecobubble Soft Closing Door Digital Inverter Washing M...,17490,4.3,7.0,Fully Automatic,Top Load,2.0
Voltas,Beko,13399,4.3,12.0,Semi Automatic,Top Load,2.0
Whirlpool,Magic Clean,14590,4.2,6.5,Fully Automatic,Top Load,2.0
realme,TechLife Star Air Dry Soft Closing Lid,12290,4.2,7.5,Fully Automatic,Top Load,
LG,with Roller Jet Pulsator with Soak Wind Jet Dry and Collar Scrubber T...,14490,4.5,8.5,Semi Automatic,,2.0
Voltas,Beko by A Tata Product Maroon,13629,4.0,14.0,Semi Automatic,Top Load,2.0
Samsung,NA,13899,4.4,10.5,Semi Automatic,Top Load,2.0
Voltas,Beko,13680,4.3,12.0,Semi Automatic,Top Load,1.0
MarQ,by Flipkart,11490,4.1,7.5,Fully Automatic,Top Load,
realme,TechLife rating,10290,4.2,8.5,Semi Automatic,Top Load,2.0
Voltas,Beko by A Tata Product,13290,4.3,10.0,Semi Automatic,Top Load,2.0
Godrej,Zero Pressure Technology Fills Tub 60% Faster Fabrisafe Steel Drum Top Lo...,13990,4.2,7.0,Fully Automatic,,2.0
MarQ,by Flipkart Rating Innowash Range Maro...,6990,4.3,6.0,Semi Automatic,Top Load,2.0
MOTOROLA,rating Midnight Series,10490,4.3,10.0,Semi Automatic,Top Load,2.0
Haier,With Ultra Fresh Air Technology Oceanus Wave Steel Drum Balance Clean Pulsator Custom Wa...,16990,4.3,8.0,,,2.0
Thomson,Aqua Magic Grande Series with Floral Toughened Glass and Double Waterfall Semi Aut...,8999,4.0,8.0,,,2.0
MOTOROLA,rating Midnight Series Soft closing Glass lid Washing Ma...,12990,4.3,14.0,Semi Automatic,Top Load,2.0
IFB,with Steam Refresh program 9 Swirl Wash Eco Inverter Powe by AI with Wifi Fully ...,28300,4.3,7.0,,,4.0
realme,TechLife rating,7990,4.2,7.0,Semi Automatic,Top Load,2.0
realme,TechLife Rating,8390,4.2,7.5,Semi Automatic,Top Load,2.0
Thomson,Aqua Magic,7590,4.0,7.0,Semi Automatic,Top Load,2.0
Voltas,Beko by A Tata Product Washer only Maroon,4990,4.1,7.5,,,1.0
realme,TechLife Rating Fabric Safe Wash,12290,4.1,7.5,Fully Automatic,Top Load,2.0
LG,Smart Inverter Technology TurboDrum Smart Diagnosis with Soft Closing Door Fully Aut...,19990,4.4,8.0,,,2.0
Whirlpool,with Auto Restart End of Cycle Buzzer Lint Filter and Collar Scrubber Semi A...,12490,4.4,8.5,,,4.0
Voltas,Beko,9490,4.3,7.5,Semi Automatic,Top Load,1.0
MarQ,by Flipkart by Flipkart Washer only Maroon,5099,4.2,8.0,,,2.0
Whirlpool,with Ace Wash Station 1400 RPM Speed and Rust Proof Was...,9790,4.4,7.0,Semi Automatic,Top Load,4.0
MarQ,by Flipkart Rating Innowash Range,7490,4.3,7.0,Semi Automatic,Top Load,2.0
Whirlpool,Magic Clean,14990,4.1,7.0,Fully Automatic,Top Load,2.0
Voltas,Beko by A Tata Product Multicolor,12432,4.3,9.5,Semi Automatic,Top Load,
ONIDA,Washer only,5800,4.2,6.5,,,1.0
realme,TechLife Star Air Dry Soft Closing Lid,12290,4.2,7.5,Fully Automatic,Top Load,
MarQ,by Flipkart,11490,4.1,7.5,Fully Automatic,Top Load,
Voltas,Beko by A Tata Product,10976,4.3,8.5,Semi Automatic,Top Load,
MarQ,by Flipkart Rating Innowash Range Maroon W...,8190,4.3,7.5,Semi Automatic,Top Load,2.0
Whirlpool,NA,13190,3.9,9.0,Semi Automatic,Top Load,2.0
Voltas,Beko with In-built Heater,17590,4.3,8.0,Fully Automatic,Top Load,5.0
MarQ,by Flipkart Rating Innowash Range Maro...,6990,4.3,6.0,Semi Automatic,Top Load,2.0
MOTOROLA,rating Midnight Series,10490,4.3,10.0,Semi Automatic,Top Load,2.0
Haier,Toughened Glass with Digital Kingfisher Print Anti Bacterial Vortex Pulsator 1300 RPM S...,14980,4.3,11.0,,,3.0
MOTOROLA,NA,11990,4.2,7.0,Fully Automatic,Top Load,2.0
realme,TechLife rating,7990,4.2,7.0,Semi Automatic,Top Load,2.0
realme,TechLife Rating,8390,4.2,7.5,Semi Automatic,Top Load,2.0
Samsung,Air Turbo Drying,14990,4.4,9.5,Semi Automatic,Top Load,2.0
BOSCH,with In-built Heater,34820,4.3,8.0,Fully Automatic,Front Load,2.0
realme,TechLife MegaWash Range,14290,4.2,9.0,Fully Automatic,Top Load,2.0
IFB,with Deep Clean Technology ActivMix Powe by AI with Aqua Energie Soft Close Doo...,18200,4.3,7.0,,,4.0
realme,TechLife Rating Fabric Safe Wash,12290,4.1,7.5,Fully Automatic,Top Load,2.0
LG,Smart Inverter Technology TurboDrum Smart Diagnosis with Soft Closing Door Fully Aut...,19990,4.4,8.0,,,2.0
MarQ,by Flipkart Maroon,10190,4.3,10.0,Semi Automatic,Top Load,2.0
LG,with Roller Jet Pulsator with Soak Wind Jet Dry and Rat Away (Spin Tub Capacity)...,13990,4.5,8.0,,,2.0
MarQ,by Flipkart Rating Innowash Range,7490,4.3,7.0,Semi Automatic,Top Load,2.0
Whirlpool,Magic Clean,14590,4.2,6.5,Fully Automatic,Top Load,2.0
realme,TechLife Rating,10090,4.2,8.0,Semi Automatic,Top Load,2.0
Voltas,Beko Maroon,9699,4.0,8.0,Semi Automatic,Top Load,2.0
Voltas,Beko,14099,4.1,7.0,Fully Automatic,Top Load,1.0
Samsung,NA,13990,4.4,8.5,Semi Automatic,Top Load,2.0
MarQ,by Flipkart Rating Innowash Range Maro...,6990,4.3,6.0,Semi Automatic,Top Load,2.0
MOTOROLA,rating Midnight Series,10490,4.3,10.0,Semi Automatic,Top Load,2.0
realme,TechLife Rating Fabric Safe Wash,13190,4.1,8.0,Fully Automatic,Top Load,2.0
IFB,with Steam Refresh program 9 Swirl Wash Eco Inverter Touch Panel with AI Fully Auto...,34490,4.3,8.0,,,4.0
realme,TechLife rating,7990,4.2,7.0,Semi Automatic,Top Load,2.0
realme,TechLife Rating,8390,4.2,7.5,Semi Automatic,Top Load,2.0
Voltas,Beko,10290,4.3,8.0,Semi Automatic,Top Load,1.0
Whirlpool,Ace XL,14890,4.4,10.0,Semi Automatic,Top Load,4.0
Samsung,Ecobubble Wi-Fi Digital Inverter,22990,4.3,9.0,Fully Automatic,Top Load,2.0
IFB,with Deep Clean Technology ActivMix Powe by AI with Aqua Energie Soft Close Doo...,17710,4.3,7.0,,,4.0
realme,TechLife Rating Fabric Safe Wash,12290,4.1,7.5,Fully Automatic,Top Load,2.0
LG,Smart Inverter Technology TurboDrum Smart Diagnosis with Soft Closing Door Fully Aut...,19990,4.4,8.0,,,2.0
Voltas,Beko,20298,4.2,11.0,Fully Automatic,Top Load,1.0
VW,NA,9990,,8.0,Fully Automatic,Top Load,2.0
MarQ,by Flipkart Rating Innowash Range,7490,4.3,7.0,Semi Automatic,Top Load,2.0
Whirlpool,Magic Clean,14590,4.2,6.5,Fully Automatic,Top Load,2.0
Voltas,Beko by A Tata Product Multicolor,10976,4.3,8.5,Semi Automatic,Top Load,
InnoQ,| Turbo Wash | Buzzer | Wheels | Turbo Jet Dryer | Magic Filter | Lint Filter Semi Automa...,7390,4.2,7.5,,,1.0
InnoQ,| Turbo Wash | Buzzer | Wheels | Turbo Jet Dryer | Magic Filter | Lint Filter Semi Automati...,7195,4.2,7.0,,,1.0
InnoQ,| Turbo Wash | Buzzer | Wheels | Turbo Jet Dryer | Magic Filter | Lint Filter Semi Automa...,7295,4.2,7.5,,,1.0
Whirlpool,Magic Clean,14990,4.1,7.0,Fully Automatic,Top Load,2.0
realme,TechLife Star Air Dry Soft Closing Lid,12290,4.2,7.5,Fully Automatic,Top Load,
Sansui,NA,7690,4.2,7.0,Semi Automatic,Top Load,2.0
Sansui,NA,9990,4.0,9.0,Semi Automatic,Top Load,2.0
MarQ,by Flipkart Rating Innowash Range Maro...,6990,4.3,6.0,Semi Automatic,Top Load,2.0
MOTOROLA,rating Midnight Series,10490,4.3,10.0,Semi Automatic,Top Load,2.0
VW,NA,8499,4.4,8.5,Semi Automatic,Top Load,
MarQ,by Flipkart Rating Innowash Range Maroon W...,8190,4.3,7.5,Semi Automatic,Top Load,2.0
Thomson,Aqua Magic Grande Series with Floral Toughened Glass with Soft Closure and Double...,10999,4.0,10.0,,,2.0
Voltas,Beko by A Tata Product Maroon,14080,4.0,14.0,Semi Automatic,Top Load,2.0
realme,TechLife rating,7990,4.2,7.0,Semi Automatic,Top Load,2.0
realme,TechLife Rating,8390,4.2,7.5,Semi Automatic,Top Load,2.0
Haier,Oxyi Dry Technology 1300 RPM Spray Function Wash Programs Magic Filter Rat Mesh Semi A...,10990,4.3,8.0,,,2.0
Whirlpool,With Faster Drying,14890,4.4,11.0,Semi Automatic,Top Load,2.0
realme,TechLife Rating Fabric Safe Wash,12290,4.1,7.5,Fully Automatic,Top Load,2.0
LG,Smart Inverter Technology TurboDrum Smart Diagnosis with Soft Closing Door Fully Aut...,19990,4.4,8.0,,,2.0
Samsung,AI Control Wi-Fi Digital Inverter wi...,29490,4.2,7.0,Fully Automatic,Front Load,2.0
Thomson,PureWash with Stainless Steel Drum Magic Filter and Multiple Wash Programs Fully Automat...,12499,3.9,8.0,,,2.0
Samsung,AI Ecobubble Super Speed Wi-Fi Hygiene Steam Digital Inverter Motor Fully Au...,42998,4.2,12.0,,,2.0
Samsung,NA,13990,4.4,8.5,Semi Automatic,Top Load,2.0
MarQ,by Flipkart Rating Innowash Range,7490,4.3,7.0,Semi Automatic,Top Load,2.0
Whirlpool,Magic Clean,14990,4.1,7.0,Fully Automatic,Top Load,2.0
realme,TechLife with In-built Heater,24490,4.1,10.5,Fully Automatic,Front Load,
Voltas,Beko with In-built Heater,19990,4.2,10.0,Fully Automatic,Top Load,1.0
realme,TechLife Star Air Dry Soft Closing Lid,12290,4.2,7.5,Fully Automatic,Top Load,
MarQ,by Flipkart,11490,4.1,7.5,Fully Automatic,Top Load,
MarQ,by Flipkart Maroon,10190,4.3,10.0,Semi Automatic,Top Load,2.0
Thomson,Aqua Magic Grande Series with Floral Toughened Glass and Double Waterfall Semi Aut...,8999,4.0,8.0,,,2.0
Voltas,Beko by A Tata Product,10976,4.3,8.5,Semi Automatic,Top Load,
Whirlpool,Inverter 100+ Tough Stains Steam Technology Washing...,23990,4.1,7.0,Fully Automatic,Front Load,2.0
MarQ,by Flipkart Rating Innowash Range Maro...,6990,4.3,6.0,Semi Automatic,Top Load,2.0
MOTOROLA,rating Midnight Series,10490,4.3,10.0,Semi Automatic,Top Load,2.0
realme,TechLife MegaWash Range,14290,4.2,9.0,Fully Automatic,Top Load,2.0
LG,Electronics Maroon,15999,4.4,10.5,Semi Automatic,Top Load,2.0
realme,TechLife rating,7990,4.2,7.0,Semi Automatic,Top Load,2.0
realme,TechLife Rating,8390,4.2,7.5,Semi Automatic,Top Load,2.0
Thomson,PureWash with Stainless Steel Drum Magic Filter and Multiple Wash Programs Fully Automat...,11499,4.0,7.0,,,2.0
Samsung,with Steam Wi-Fi Enabled,43990,,9.0,Fully Automatic,Front Load,2.0
MarQ,by Flipkart,11490,4.1,6.5,Fully Automatic,Top Load,2.0
Whirlpool,NA,12290,4.4,8.0,Semi Automatic,Top Load,4.0
realme,TechLife Rating Fabric Safe Wash,12290,4.1,7.5,Fully Automatic,Top Load,2.0
LG,Smart Inverter Technology TurboDrum Smart Diagnosis with Soft Closing Door Fully Aut...,19990,4.4,8.0,,,2.0
Voltas,Beko by A Tata Product Maroon,13875,4.0,14.0,Semi Automatic,Top Load,2.0
MOTOROLA,Purple,7990,4.3,7.0,Semi Automatic,Top Load,2.0
MarQ,by Flipkart Rating Innowash Range,7490,4.3,7.0,Semi Automatic,Top Load,2.0
Whirlpool,Magic Clean,14590,4.2,6.5,Fully Automatic,Top Load,2.0
Haier,Powerful Oceanus Wave Drum Smart Fuzzy Control Balance Clean Pulsator Custom Wash Cycles...,14990,4.3,7.0,,,
Whirlpool,with Auto Restart End of Cycle Buzzer Lint Filter and Collar Scrubber Semi Aut...,14490,4.4,9.0,,,4.0
Voltas,Beko,10290,4.3,8.0,Semi Automatic,Top Load,
Whirlpool,Bloomwash with In-built Heater,22990,4.0,9.0,Fully Automatic,Top Load,3.0
Whirlpool,Magic Clean,14990,4.1,7.0,Fully Automatic,Top Load,2.0
realme,TechLife Star Air Dry Soft Closing Lid,12290,4.2,7.5,Fully Automatic,Top Load,
Voltas,Beko Maroon,7790,4.3,6.5,Semi Automatic,Top Load,1.0
Haier,AI with Inverter Motor Puristeam and Refresh Function Anti Bacterial Technology Super Dru...,31990,4.3,8.0,,,5.0
MarQ,by Flipkart Rating Innowash Range Maro...,6990,4.3,6.0,Semi Automatic,Top Load,2.0
MOTOROLA,rating Midnight Series,10490,4.3,10.0,Semi Automatic,Top Load,2.0
Voltas,Beko by A Tata Product with Soft Closing door Water proof IPX4 protection...,11400,4.4,9.0,,,2.0
Whirlpool,Bloomwash with In-built Heater,24990,4.0,10.0,Fully Automatic,Top Load,3.0
Haier,AI with Direct Drive Technology Puristeam and Refresh Function Anti Bacterial Technology ...,34490,4.3,9.0,,,5.0
Haier,with In-built Heater,28990,4.3,7.0,Fully Automatic,Front Load,5.0
realme,TechLife rating,7990,4.2,7.0,Semi Automatic,Top Load,2.0
realme,TechLife Rating,8390,4.2,7.5,Semi Automatic,Top Load,2.0
Voltas,Beko by A Tata Product,15900,4.3,14.0,Semi Automatic,Top Load,2.0
MarQ,by Flipkart,11490,4.1,7.5,Fully Automatic,Top Load,
realme,TechLife Rating Fabric Safe Wash,12290,4.1,7.5,Fully Automatic,Top Load,2.0
LG,Smart Inverter Technology TurboDrum Smart Diagnosis with Soft Closing Door Fully Aut...,19990,4.4,8.0,,,2.0
Voltas,Beko,20298,4.2,11.0,Fully Automatic,Top Load,1.0
Voltas,Beko by A Tata Product Maroon,13629,4.0,14.0,Semi Automatic,Top Load,2.0
LG,NA,19120,4.5,11.5,Semi Automatic,Top Load,2.0
Samsung,AI Control AI Ecobubble Super Speed Wi-Fi Hygiene Steam Digital Inverter Mo...,46222,4.3,12.0,,,2.0
MarQ,by Flipkart Rating Innowash Range,7490,4.3,7.0,Semi Automatic,Top Load,2.0
Whirlpool,Magic Clean,14990,4.1,7.0,Fully Automatic,Top Load,2.0
Haier,NA,17780,4.2,8.0,Fully Automatic,Top Load,3.0
LG,NA,12385,4.4,7.5,Semi Automatic,Top Load,2.0
Whirlpool,Magic Clean,14590,4.2,6.5,Fully Automatic,Top Load,2.0
realme,TechLife Star Air Dry Soft Closing Lid,12290,4.2,7.5,Fully Automatic,Top Load,
Haier,Oxyi Dry Technology 1300 RPM Spray Function Wash Programs Magic Filter Rat Mesh Semi A...,11990,4.3,9.0,,,3.0
realme,TechLife MegaWash Range with In-built Heater Gre...,38990,4.2,12.0,Fully Automatic,Top Load,2.0
LG,NA,18099,4.5,11.5,Semi Automatic,Top Load,2.0
VW,NA,9990,,8.0,Fully Automatic,Top Load,2.0
MarQ,by Flipkart Rating Innowash Range Maro...,6990,4.3,6.0,Semi Automatic,Top Load,2.0
MOTOROLA,rating Midnight Series,10490,4.3,10.0,Semi Automatic,Top Load,2.0
LG,Roller Jet Pulsator with Soak Wind Jet Dry Technology and Rust Free Plastic Rat A...,19320,4.5,11.5,,,2.0
Voltas,Beko by A Tata Product with In-built H...,21990,4.1,6.5,Fully Automatic,Front Load,2.0
realme,TechLife rating,7990,4.2,7.0,Semi Automatic,Top Load,2.0
realme,TechLife Rating,8390,4.2,7.5,Semi Automatic,Top Load,2.0
LG,with Roller Jet Pulsator with Soak � Wind Jet Dry and Rat Away (Spin Tub Capacit...,18990,4.5,11.0,,,2.0
BOSCH,with 1360 High RPM Spin Motor Multicolor,12999,4.1,8.0,Semi Automatic,Top Load,2.0
MOTOROLA,rating Midnight Series,10090,4.3,8.0,Semi Automatic,Top Load,2.0
realme,TechLife Touch Screen Panel with Anti-Bacterial (+ Wash) T...,14290,4.1,8.5,Fully Automatic,,
realme,TechLife Rating Fabric Safe Wash,12290,4.1,7.5,Fully Automatic,Top Load,2.0
LG,Smart Inverter Technology TurboDrum Smart Diagnosis with Soft Closing Door Fully Aut...,19990,4.4,8.0,,,2.0
Voltas,Beko by A Tata Product with In-built Hea...,22625,4.1,7.0,Fully Automatic,Front Load,3.0
Godrej,Tri- Roto Pulsator Spin Shower Drying at 1400 RPM Speed Washing...,9590,4.3,7.0,Semi Automatic,Top Load,2.0
MarQ,by Flipkart Rating Innowash Range,7490,4.3,7.0,Semi Automatic,Top Load,2.0
Whirlpool,Magic Clean,14590,4.2,6.5,Fully Automatic,Top Load,2.0
Whirlpool,NA,13190,3.9,9.0,Semi Automatic,Top Load,2.0
Whirlpool,with Auto Restart End of Cycle Buzzer Lint Filter and Collar Scrubber Semi Aut...,13899,4.4,8.0,,,4.0
Voltas,Beko by A Tata Product Multicolor,12432,4.3,9.5,Semi Automatic,Top Load,
MOTOROLA,Intelligent Smart Programs,14690,4.2,9.0,Fully Automatic,Top Load,2.0
MarQ,by Flipkart Rating Innowash Range Maro...,6990,4.3,6.0,Semi Automatic,Top Load,2.0
MOTOROLA,rating Midnight Series,10490,4.3,10.0,Semi Automatic,Top Load,2.0
Voltas,Beko by A Tata Product Multicolor,10976,4.3,8.5,Semi Automatic,Top Load,
Haier,Toughened Glass Anti Bacterial Vortex Pulsator 1300 RPM Spray Function Wash Programs ...,14999,4.3,10.0,,,3.0
realme,TechLife rating,7990,4.2,7.0,Semi Automatic,Top Load,2.0
MarQ,by Flipkart,11490,4.1,7.5,Fully Automatic,Top Load,
LG,Electronics,12199,4.5,7.5,Semi Automatic,Top Load,2.0
IFB,with Steam Refresh program 9 Swirl Wash Eco Inverter with AI Front...,45850,4.3,10.0,Fully Automatic,,4.0
MarQ,by Flipkart Rating Innowash Range,10490,4.3,9.0,Semi Automatic,Top Load,2.0
LG,NA,15999,4.5,9.5,Semi Automatic,Top Load,2.0
realme,TechLife Rating,8390,4.2,7.5,Semi Automatic,Top Load,2.0
realme,TechLife Rating Fabric Safe Wash,12290,4.1,7.5,Fully Automatic,Top Load,2.0
LG,with Roller Jet Pulsator with Soak � Wind Jet Dry and Rat Away (Spin Tub Capacit...,18990,4.5,11.0,,,2.0
Godrej,Aquajet Pulsator Drying at 1400 RPM Speed Spin Shower W...,13990,4.1,10.0,Semi Automatic,Top Load,2.0
LG,Smart Inverter Technology TurboDrum Smart Diagnosis with Soft Closing Door Fully Aut...,19990,4.4,8.0,,,2.0
MarQ,by Flipkart Rating Innowash Range,7490,4.3,7.0,Semi Automatic,Top Load,2.0
Summercool,Maroon,7649,3.8,7.0,Semi Automatic,Top Load,
Haier,with In-built Heater,26350,4.3,10.5,Fully Automatic,Top Load,
Voltas,Beko by A Tata Product with In-built Hea...,22625,4.1,7.0,Fully Automatic,Front Load,3.0
Lloyd,by Havells Toughened Glass Soft Closing Glass Lids 1300 RPM Soak Function 3 Wash Progr...,14490,4.3,8.5,,,2.0
Whirlpool,Magic Clean,14990,4.1,7.0,Fully Automatic,Top Load,2.0
Whirlpool,Magic Clean,14590,4.2,6.5,Fully Automatic,Top Load,2.0
MOTOROLA,Super Steam Technology with In-built Heater B...,22190,4.1,8.0,Fully Automatic,Front Load,2.0
LG,AI Direct Drive Technology Wi-Fi Enabled Steam+ With Wrinkle Care Intelligent & Con...,39990,4.4,9.0,,,2.0
MarQ,by Flipkart Rating Innowash Range Maro...,6990,4.3,6.0,Semi Automatic,Top Load,2.0
MOTOROLA,rating Midnight Series,10490,4.3,10.0,Semi Automatic,Top Load,2.0
Whirlpool,NA,12990,4.4,9.0,Semi Automatic,Top Load,2.0
Voltas,Beko,10829,4.4,8.0,Semi Automatic,Top Load,1.0
Whirlpool,Maroon,11260,4.4,7.0,Semi Automatic,Top Load,2.0
LG,9/ Washer with Dryer AI Direct Drive Technology Wi-Fi Enabled Steam uce germs & allergens...,48950,4.3,5.0,,,2.0
realme,TechLife rating,7990,4.2,7.0,Semi Automatic,Top Load,2.0
realme,TechLife Rating,8390,4.2,7.5,Semi Automatic,Top Load,2.0
LG,NA,14995,4.4,8.5,Semi Automatic,Top Load,
Godrej,AI Powe FabriSafe Drum Eco Wash,20990,4.1,6.5,Fully Automatic,Front Load,2.0
realme,TechLife Rating Fabric Safe Wash,12290,4.1,7.5,Fully Automatic,Top Load,2.0
LG,Smart Inverter Technology TurboDrum Smart Diagnosis with Soft Closing Door Fully Aut...,19990,4.4,8.0,,,2.0
Whirlpool,NA,12440,4.4,8.0,Semi Automatic,Top Load,2.0
Godrej,Aquajet Pulsator Drying at 1400 RPM Speed Spin Shower W...,13990,4.1,10.0,Semi Automatic,Top Load,2.0
MOTOROLA,Super Steam Technology with In-built Heater B...,22190,4.1,8.0,Fully Automatic,Front Load,2.0
BOSCH,with Vario Pulsator Stain Scrubber & 1360 High RPM Spin Motor Top Lo...,12200,4.2,8.0,Semi Automatic,,2.0
MarQ,by Flipkart Rating Innowash Range,7490,4.3,7.0,Semi Automatic,Top Load,2.0
Whirlpool,Magic Clean,14990,4.1,7.0,Fully Automatic,Top Load,2.0
Voltas,Beko by A Tata Product,12770,4.3,12.0,Semi Automatic,Top Load,
Haier,Washer Dryer ( Washer / Dryer ) Powe by AI-DBT Direct Drive Technology Wi-Fi...,56999,4.3,11.0,,,
Whirlpool,Magic Clean,14590,4.2,6.5,Fully Automatic,Top Load,2.0
realme,TechLife Star Air Dry Soft Closing Lid,12290,4.2,7.5,Fully Automatic,Top Load,
ONIDA,Hexafin Pulsator Inbuilt Basket 1450 RPM Gre...,10286,4.2,8.0,Semi Automatic,Top Load,2.0
Voltas,Beko by A Tata Product,22999,4.0,14.0,Semi Automatic,Top Load,2.0
ONIDA,Hexafin Pulsator Inbuilt Basket 1450 RPM Gre...,10286,4.2,8.0,Semi Automatic,Top Load,2.0
Sansui,NA,7690,4.2,7.0,Semi Automatic,Top Load,2.0
MarQ,by Flipkart Rating Innowash Range Maro...,6990,4.3,6.0,Semi Automatic,Top Load,2.0
MOTOROLA,rating Midnight Series,10490,4.3,10.0,Semi Automatic,Top Load,2.0
Whirlpool,NA,12990,4.4,9.0,Semi Automatic,Top Load,2.0
Whirlpool,NA,12440,4.4,8.0,Semi Automatic,Top Load,2.0
realme,TechLife rating,7990,4.2,7.0,Semi Automatic,Top Load,2.0
realme,TechLife Rating,8390,4.2,7.5,Semi Automatic,Top Load,2.0
Haier,Toughened Glass with Anti Bacterial Vortex Pulsator 1300 RPM Spray Function Wash Progra...,17990,4.3,14.0,,,3.0
Godrej,with In-built Heater,23490,4.0,7.0,Fully Automatic,Front Load,2.0
Voltas,Beko,17890,4.2,9.0,Fully Automatic,Top Load,5.0
Haier,With Ultra Fresh Air Technology Oceanus Wave Steel Drum Balance Clean Pulsator Custom...,24990,4.2,10.5,,,3.0
realme,TechLife Rating Fabric Safe Wash,12290,4.1,7.5,Fully Automatic,Top Load,2.0
LG,Smart Inverter Technology TurboDrum Smart Diagnosis with Soft Closing Door Fully Aut...,19990,4.4,8.0,,,2.0
Thomson,NA,8499,4.2,8.5,Semi Automatic,Top Load,2.0
Whirlpool,NA,8999,4.3,7.0,Semi Automatic,Top Load,2.0
MarQ,by Flipkart Rating Innowash Range,7490,4.3,7.0,Semi Automatic,Top Load,2.0
Whirlpool,Magic Clean,14590,4.2,6.5,Fully Automatic,Top Load,2.0
LG,Maroon,12899,4.4,7.5,Semi Automatic,Top Load,2.0
Voltas,Beko by A Tata Product Maroon,8439,4.3,7.0,Semi Automatic,Top Load,
Samsung,NA,16080,4.4,11.5,Semi Automatic,Top Load,
LG,NA,12999,4.4,7.0,Semi Automatic,Top Load,
Whirlpool,Magic Clean,14990,4.1,7.0,Fully Automatic,Top Load,2.0
realme,TechLife Star Air Dry Soft Closing Lid,12290,4.2,7.5,Fully Automatic,Top Load,
Whirlpool,Hard Water wash,12990,4.3,9.0,Semi Automatic,Top Load,4.0
IFB,with Steam Refresh program 9 Swirl Wash Eco Inverter with AI Front...,44780,4.3,10.0,Fully Automatic,,4.0
MarQ,by Flipkart Rating Innowash Range Maro...,6990,4.3,6.0,Semi Automatic,Top Load,2.0
MOTOROLA,rating Midnight Series,10490,4.3,10.0,Semi Automatic,Top Load,2.0
BOSCH,with Vario Pulsator + Scrub Zone & 1360 High RPM Spin Motor Top Loa...,14599,4.1,8.5,Semi Automatic,,2.0
IFB,with DeepClean Technology PowerSteam AI Powe Aqua Energie Top Loa...,25490,4.2,9.0,Fully Automatic,,4.0
realme,TechLife In-built Heater with ExpertWash with I...,21190,4.1,7.0,Fully Automatic,Front Load,2.0
Godrej,with In-built Heater,24990,3.8,11.0,Fully Automatic,Top Load,2.0
realme,TechLife rating,7990,4.2,7.0,Semi Automatic,Top Load,2.0
realme,TechLife Rating,8390,4.2,7.5,Semi Automatic,Top Load,2.0
Haier,NA,14689,4.6,8.5,Semi Automatic,Top Load,2.0
IFB,with Steam Refresh program 9 Swirl Wash Eco Inverter with AI Front ...,47493,4.3,9.0,Fully Automatic,,4.0
realme,TechLife Rating Fabric Safe Wash,12290,4.1,7.5,Fully Automatic,Top Load,2.0
LG,Smart Inverter Technology TurboDrum Smart Diagnosis with Soft Closing Door Fully Aut...,19990,4.4,8.0,,,2.0
Voltas,Beko by A Tata Product Maroon,8290,4.3,7.0,Semi Automatic,Top Load,
LG,NA,16349,4.3,9.5,Semi Automatic,Top Load,1.0
MarQ,by Flipkart Rating Innowash Range Whi...,9890,4.3,8.5,Semi Automatic,Top Load,2.0
Samsung,AI Wash AI Energy Mode Wi-Fi Ecobubble AI VRT+ Super Speed Soft Closing Do...,35990,4.3,12.0,,,2.0
MarQ,by Flipkart Rating Innowash Range,7490,4.3,7.0,Semi Automatic,Top Load,2.0
Whirlpool,Magic Clean,14990,4.1,7.0,Fully Automatic,Top Load,2.0
BOSCH,with 1360 High RPM Spin Motor Multicolor,13999,4.1,9.0,Semi Automatic,Top Load,2.0
LG,with Roller Jet Pulsator with Soak Wind Jet Dry and Rat Away (Spin Tub Capacity)...,13189,4.4,8.0,,,
realme,TechLife Star Air Dry Soft Closing Lid,12290,4.2,7.5,Fully Automatic,Top Load,
MarQ,by Flipkart,11490,4.1,7.5,Fully Automatic,Top Load,
Whirlpool,Inverter 100+ Tough Stains Steam Technology Washing ...,23490,4.1,7.0,Fully Automatic,Front Load,2.0
Lloyd,by Havells Orange,14130,4.3,9.0,Semi Automatic,Top Load,
Whirlpool,with In-built Heater,23990,4.2,10.0,Fully Automatic,Top Load,3.0
IFB,with Steam Refresh program 9 Swirl Wash Eco Inverter with AI Front...,45950,4.3,11.0,Fully Automatic,,4.0
MarQ,by Flipkart Rating Innowash Range Maro...,6990,4.3,6.0,Semi Automatic,Top Load,2.0
LG,Smart Inverter Technology TurboDrum Smart Diagnosis with Soft Closing Door Fully Aut...,19990,4.4,8.0,,,2.0
IFB,with 99.9% Dry Clothes Dryer with In-built Heater,21890,4.0,5.5,,,4.0
TCL,Digital Inverter Motor| 1200 RPM | with In-built...,19990,4.0,6.5,Fully Automatic,Front Load,2.0
MOTOROLA,rating Midnight Series,10490,4.3,10.0,Semi Automatic,Top Load,2.0
realme,TechLife rating,7990,4.2,7.0,Semi Automatic,Top Load,2.0
Voltas,Beko Maroon,17999,4.3,8.5,Semi Automatic,Top Load,1.0
Midea,Rust Proof Body Rat Away Feature Maroon ...,6790,4.2,6.5,Semi Automatic,Top Load,2.0
LG,AI Direct Drive Technology Wi-Fi Enabled Steam+ With Wrinkle Care Intelligent & Con...,39990,4.4,9.0,,,2.0
IFB,with In-built Heater,21130,4.2,7.5,Fully Automatic,Top Load,4.0
realme,TechLife Rating,8390,4.2,7.5,Semi Automatic,Top Load,2.0
realme,TechLife Rating Fabric Safe Wash,12290,4.1,7.5,Fully Automatic,Top Load,2.0
Voltas,Beko by A Tata Product Maroon,8880,4.4,7.0,Semi Automatic,Top Load,
IFB,with DeepClean Technology PowerSteam AI Powe Aqua Energie Top L...,21999,4.2,7.5,Fully Automatic,,4.0
MarQ,by Flipkart Rating Innowash Range,7490,4.3,7.0,Semi Automatic,Top Load,2.0
Whirlpool,Magic Clean,14590,4.2,6.5,Fully Automatic,Top Load,2.0
Electrolux,Smart Sensors Colour Care Venting Dryer with Reverse Tumbling UltimateCare 3...,34990,4.8,7.5,,,3.0
Godrej,With Soft Shut Wash Lid Tri Roto Scrub Pulsator With Stainless Steel Wash and Spi...,14990,4.2,8.0,,,2.0
Whirlpool,Beige,9990,4.3,7.0,Semi Automatic,Top Load,
Voltas,Beko Maroon,8990,4.5,7.0,Semi Automatic,Top Load,1.0
MarQ,by Flipkart Rating Innowash Range Maro...,6990,4.3,6.0,Semi Automatic,Top Load,2.0
LG,Smart Inverter Technology TurboDrum Smart Diagnosis with Soft Closing Door Fully Aut...,19990,4.4,8.0,,,2.0
InnoQ,| Turbo Wash | Buzzer | Wheels | Turbo Jet Dryer | Magic Filter | Lint Filter Semi Automati...,6990,4.2,7.0,,,1.0
Whirlpool,NA,10999,4.1,7.5,Semi Automatic,Top Load,2.0
MOTOROLA,rating Midnight Series,10490,4.3,10.0,Semi Automatic,Top Load,2.0
realme,TechLife rating,7990,4.2,7.0,Semi Automatic,Top Load,2.0
Voltas,Beko Maroon,9839,4.6,7.0,Semi Automatic,Top Load,1.0
BOSCH,with Vario Pulsator Stain Scrubber & 1360 High RPM Spin Motor Top ...,11579,4.1,7.5,Semi Automatic,,2.0
LG,AI Direct Drive Technology Steam 6 Motion Direct Drive Jet Spray+ Wi-Fi Enabled ...,32990,4.4,10.0,,,2.0
ONIDA,NA,9990,4.2,6.5,Semi Automatic,Top Load,2.0
realme,TechLife Rating,8390,4.2,7.5,Semi Automatic,Top Load,2.0
realme,TechLife Rating Fabric Safe Wash,12290,4.1,7.5,Fully Automatic,Top Load,2.0
Haier,Toughened Glass with Anti Bacterial Vortex Pulsator 1300 RPM Spray Function Wash Progra...,17990,4.3,14.0,,,3.0
Lloyd,NA,10799,4.3,7.0,Semi Automatic,Top Load,2.0
MarQ,by Flipkart Rating Innowash Range,7490,4.3,7.0,Semi Automatic,Top Load,2.0
Whirlpool,Magic Clean,14990,4.1,7.0,Fully Automatic,Top Load,2.0
Whirlpool,Purple,13049,4.3,8.0,Semi Automatic,Top Load,2.0
Godrej,with Tri- Roto Scrub Pulsator,12499,4.3,8.0,Semi Automatic,Top Load,2.0
Sansui,NA,9990,4.0,9.0,Semi Automatic,Top Load,2.0
Whirlpool,Maroon,12250,4.1,8.5,Semi Automatic,Top Load,
Whirlpool,Magic Clean,14590,4.2,6.5,Fully Automatic,Top Load,2.0
realme,TechLife Star Air Dry Soft Closing Lid,12290,4.2,7.5,Fully Automatic,Top Load,
Thomson,NA,10999,3.9,7.5,Fully Automatic,Top Load,2.0
Voltas,Beko Maroon,8439,4.3,7.0,Semi Automatic,Top Load,5.0
MarQ,by Flipkart Rating Innowash Range Maro...,6990,4.3,6.0,Semi Automatic,Top Load,2.0
MOTOROLA,rating Midnight Series,10490,4.3,10.0,Semi Automatic,Top Load,2.0
IFB,with Steam Refresh program 9 Swirl Wash Eco Inverter with AI Front ...,47493,4.3,9.0,Fully Automatic,,4.0
Sharp,NA,7490,,7.0,Semi Automatic,Top Load,2.0
Samsung,EcoBubble Technology Hygiene Steam Digital Inverter W...,30881,4.3,7.0,Fully Automatic,Front Load,2.0
Voltas,Beko Maroon,8439,4.3,7.0,Semi Automatic,Top Load,5.0
realme,TechLife rating,7990,4.2,7.0,Semi Automatic,Top Load,2.0
realme,TechLife Rating,8390,4.2,7.5,Semi Automatic,Top Load,2.0
InnoQ,| Turbo Wash | Buzzer | Wheels | Turbo Jet Dryer | Magic Filter | Lint Filter Semi Automati...,7195,4.2,7.0,,,1.0
Voltas,Beko,10785,4.3,8.0,Semi Automatic,Top Load,2.0
realme,TechLife Rating Fabric Safe Wash,12290,4.1,7.5,Fully Automatic,Top Load,2.0
LG,Smart Inverter Technology TurboDrum Smart Diagnosis with Soft Closing Door Fully Aut...,19990,4.4,8.0,,,2.0
IFB,with In-built Heater,50500,,11.0,Fully Automatic,Front Load,10.0
LG,11/ Washer with Dryer AI Direct Drive Technology Wi-Fi Enabled uce germs & allergens with...,55990,,7.0,,,
IFB,with In-built Heater,34180,4.1,12.0,Fully Automatic,Top Load,4.0
IFB,with In-built Heater,43430,,10.0,Fully Automatic,Front Load,10.0
MarQ,by Flipkart Rating Innowash Range,7490,4.3,7.0,Semi Automatic,Top Load,2.0
Whirlpool,Magic Clean,14990,4.1,7.0,Fully Automatic,Top Load,2.0
Godrej,NA,14690,4.2,7.0,Fully Automatic,Top Load,1.0
Reliance,Washer only,5290,4.0,7.5,,,1.0
realme,TechLife Star Air Dry Soft Closing Lid,12290,4.2,7.5,Fully Automatic,Top Load,
MarQ,by Flipkart,11490,4.1,7.5,Fully Automatic,Top Load,
InnoQ,| Turbo Wash | Buzzer | Wheels | Turbo Jet Dryer | Magic Filter | Lint Filter Semi Automa...,7295,4.2,7.5,,,1.0
Voltas,Beko by A Tata Product,14490,3.9,7.0,Fully Automatic,Front Load,
Godrej,NA,14690,4.2,7.0,Fully Automatic,Top Load,1.0
Voltas,Beko,10785,4.3,8.0,Semi Automatic,Top Load,2.0
MarQ,by Flipkart Rating Innowash Range Maro...,6990,4.3,6.0,Semi Automatic,Top Load,2.0
MOTOROLA,rating Midnight Series,10490,4.3,10.0,Semi Automatic,Top Load,2.0
Voltas,NA,13790,,12.0,Semi Automatic,Top Load,2.0
Voltas,Beko by A Tata Product,14900,4.2,12.0,Semi Automatic,Top Load,2.0
realme,TechLife rating,7990,4.2,7.0,Semi Automatic,Top Load,2.0
realme,TechLife Rating,8390,4.2,7.5,Semi Automatic,Top Load,2.0
Voltas,Beko by A Tata Product,14520,3.9,7.0,Fully Automatic,Top Load,
realme,TechLife with In-built Heater,25990,4.1,10.0,Fully Automatic,Front Load,2.0
Voltas,Beko by A Tata Product,17343,4.1,14.0,Semi Automatic,Top Load,2.0
Whirlpool,Magic Clean,10990,4.3,7.0,Semi Automatic,Top Load,2.0
realme,TechLife Rating Fabric Safe Wash,12290,4.1,7.5,Fully Automatic,Top Load,2.0
LG,Smart Inverter Technology TurboDrum Smart Diagnosis with Soft Closing Door Fully Aut...,19990,4.4,8.0,,,2.0
BOSCH,with 1360 High RPM Spin Motor Multicolor,12999,4.1,8.0,Semi Automatic,Top Load,2.0
Samsung,NA,13751,4.1,7.5,Semi Automatic,Top Load,
MarQ,by Flipkart Rating Innowash Range,7490,4.3,7.0,Semi Automatic,Top Load,2.0
Whirlpool,Magic Clean,14990,4.1,7.0,Fully Automatic,Top Load,2.0
Whirlpool,with Hard Water Wash,17890,4.2,7.0,Fully Automatic,Top Load,2.0
IFB,with In-built Heater Beige,29930,,7.0,Fully Automatic,Front Load,4.0
Sharp,NA,7490,,7.0,Semi Automatic,Top Load,2.0
Voltas,Beko by A Tata Product,12810,4.3,8.5,Semi Automatic,Top Load,2.0
realme,TechLife Star Air Dry Soft Closing Lid,12290,4.2,7.5,Fully Automatic,Top Load,
MarQ,by Flipkart,11490,4.1,7.5,Fully Automatic,Top Load,
Voltas,Beko by A Tata Product,14490,3.9,7.0,Fully Automatic,Front Load,
Uniboom,NA,17990,,7.0,Semi Automatic,Top Load,1.0
MarQ,by Flipkart Rating Innowash Range Maro...,6990,4.3,6.0,Semi Automatic,Top Load,2.0
LG,Smart Inverter Technology TurboDrum Smart Diagnosis with Soft Closing Door Fully Aut...,19990,4.4,8.0,,,2.0
Motorola,Smart Wi-Fi Enabled Inverter Technology with In-buil...,26690,4.0,6.5,Fully Automatic,Front Load,2.0
ONIDA,Bubble Drum Wash Waterfall Technology Bla...,13199,4.2,6.5,Fully Automatic,Top Load,2.0
IFB,Powe by AI Steam Refresh,36990,4.4,8.0,Fully Automatic,Front Load,4.0
Whirlpool,NA,17599,4.1,10.5,Semi Automatic,Top Load,
MOTOROLA,rating Midnight Series,10490,4.3,10.0,Semi Automatic,Top Load,2.0
realme,TechLife rating,7990,4.2,7.0,Semi Automatic,Top Load,2.0
Whirlpool,NA,10390,4.5,7.0,Semi Automatic,Top Load,2.0
Uniboom,NA,27990,,7.5,Fully Automatic,Top Load,1.0
realme,TechLife Rating,8390,4.2,7.5,Semi Automatic,Top Load,2.0
realme,TechLife Rating Fabric Safe Wash,12290,4.1,7.5,Fully Automatic,Top Load,2.0
IFB,with In-built Heater,50500,,11.0,Fully Automatic,Front Load,10.0
realme,TechLife In-built Heater with ExpertWash with I...,23290,4.1,8.0,Fully Automatic,Front Load,2.0
LG,NA,11767,4.5,7.0,Semi Automatic,Top Load,
Uniboom,Maroon,16990,,6.5,Semi Automatic,Top Load,1.0
MarQ,by Flipkart Rating Innowash Range,7490,4.3,7.0,Semi Automatic,Top Load,2.0
Whirlpool,Magic Clean,14590,4.2,6.5,Fully Automatic,Top Load,2.0
Whirlpool,NA,15490,4.4,6.5,Fully Automatic,Top Load,
Godrej,460 W PowerMax Wash Motor Boderless Design With Toughened Glass Lid Top Lo...,13490,4.3,8.0,Semi Automatic,,2.0
Whirlpool,Magic Clean,14990,4.1,7.0,Fully Automatic,Top Load,2.0
realme,TechLife Star Air Dry Soft Closing Lid,12290,4.2,7.5,Fully Automatic,Top Load,
Midea,Rat Away Feature,9739,3.9,7.0,Semi Automatic,Top Load,2.0
Samsung,with Steam with In-built Heater,32803,3.9,6.5,Fully Automatic,Front Load,2.0
Godrej,with Roller coaster wash technology,19499,4.2,7.5,Fully Automatic,Top Load,
Thomson,PureWash with Stainless Steel Drum Magic Filter and Multiple Wash Programs Fully Automat...,13999,4.0,9.0,,,2.0
MarQ,by Flipkart Rating Innowash Range Maro...,6990,4.3,6.0,Semi Automatic,Top Load,2.0
MOTOROLA,rating Midnight Series,10490,4.3,10.0,Semi Automatic,Top Load,2.0
Uniboom,NA,28990,,8.0,Fully Automatic,Top Load,1.0
Uniboom,NA,24990,,7.0,Fully Automatic,Top Load,1.0
realme,TechLife rating,7990,4.2,7.0,Semi Automatic,Top Load,2.0
realme,TechLife Rating,8390,4.2,7.5,Semi Automatic,Top Load,2.0
BOSCH,INVERTERTOUCHCONTROL 1200RPM with In-built Heate...,31500,4.4,8.0,Fully Automatic,Front Load,
LG,NA,18499,4.2,11.5,Semi Automatic,Top Load,2.0
LG,NA,18690,4.2,11.5,Semi Automatic,Top Load,1.0
Samsung,NA,17440,4.0,7.0,Fully Automatic,Top Load,3.0
realme,TechLife Rating Fabric Safe Wash,12290,4.1,7.5,Fully Automatic,Top Load,2.0
MarQ,by Flipkart Rating Innowash Range,7490,4.3,7.0,Semi Automatic,Top Load,2.0
MarQ,by Flipkart Garment Sterilization with In-built H...,24190,4.2,7.0,Fully Automatic,Front Load,2.0
Samsung,NA,15999,4.4,8.5,Semi Automatic,Top Load,
LG,Smart Inverter Technology TurboDrum Smart Diagnosis with Soft Closing Door Fully Aut...,19990,4.4,8.0,,,2.0
Whirlpool,Magic Clean,14590,4.2,6.5,Fully Automatic,Top Load,2.0
Whirlpool,Turbo Scrub Technology,10990,4.4,7.0,Semi Automatic,Top Load,2.0
Reliance,Washer only,5290,3.3,7.5,,,1.0
Haier,Maroon,10886,4.3,6.5,Semi Automatic,Top Load,2.0
Haier,NA,15328,4.3,10.0,Semi Automatic,Top Load,2.0
MarQ,by Flipkart Rating Innowash Range Maro...,6990,4.3,6.0,Semi Automatic,Top Load,2.0
MOTOROLA,rating Midnight Series,10490,4.3,10.0,Semi Automatic,Top Load,2.0
Lloyd,by Havells �|1300 RPM|Soak Function|4 Wash Programs|Memory Back-up| Magic Filter| Wash Ba...,10990,4.3,8.5,,,2.0
Voltas,Beko,16990,4.7,14.0,Semi Automatic,Top Load,
realme,TechLife rating,7990,4.2,7.0,Semi Automatic,Top Load,2.0
realme,TechLife Rating,8390,4.2,7.5,Semi Automatic,Top Load,2.0
Godrej,with i-wash Technology,20939,4.3,6.2,Fully Automatic,Top Load,2.0
Samsung,Hygiene Steam with In-built Heater Bla...,37990,4.3,9.0,Fully Automatic,Front Load,2.0
Godrej,AI Tech Steam Wash with In-built Heate...,34746,4.0,9.0,Fully Automatic,Front Load,4.0
Samsung,NA,23499,4.5,7.0,Fully Automatic,Top Load,2.0
realme,TechLife Rating Fabric Safe Wash,12290,4.1,7.5,Fully Automatic,Top Load,2.0
LG,Smart Inverter Technology TurboDrum Smart Diagnosis with Soft Closing Door Fully Aut...,19990,4.4,8.0,,,2.0
MOTOROLA,Smart Wi-Fi Enabled Enabled Steam Wash Inverter Technology ...,30190,4.0,10.5,Fully Automatic,Front Load,2.0
BOSCH,with In-built Heater,37700,4.3,9.0,Fully Automatic,Front Load,
MarQ,by Flipkart Rating Innowash Range,7490,4.3,7.0,Semi Automatic,Top Load,2.0
Whirlpool,Magic Clean,14590,4.2,6.5,Fully Automatic,Top Load,2.0
Samsung,Diamond Drum,14790,4.3,7.0,Fully Automatic,Top Load,2.0
IFB,Powe by AI � with2x Steam Cycle with In...,33990,4.3,8.0,Fully Automatic,Front Load,4.0
Motorola,Smart Wi-Fi Enabled Inverter Technology with In-bui...,28990,4.1,10.5,Fully Automatic,Front Load,2.0
Uniboom,NA,18990,,7.5,Semi Automatic,Top Load,1.0
Whirlpool,Magic Clean,14990,4.1,7.0,Fully Automatic,Top Load,2.0
realme,TechLife Star Air Dry Soft Closing Lid,12290,4.2,7.5,Fully Automatic,Top Load,
Acer,with In-built Heater,19991,,9.0,Fully Automatic,Top Load,2.0
Summercool,NA,9849,,8.5,Semi Automatic,Top Load,
MarQ,by Flipkart Rating Innowash Range Maro...,6990,4.3,6.0,Semi Automatic,Top Load,2.0
MOTOROLA,rating Midnight Series,10490,4.3,10.0,Semi Automatic,Top Load,2.0
Acer,with In-built Heater,19991,,9.0,Fully Automatic,Top Load,2.0
Lloyd,by Havells �|1300 RPM|Soak Function|4 Wash Programs|Memory Back-up| Magic Filter| Wash Ba...,10990,4.3,8.5,,,2.0
Samsung,NA,15599,4.2,8.5,Semi Automatic,Top Load,2.0
Midea,with In-built Heater,17990,4.3,6.0,Fully Automatic,Front Load,2.0
realme,TechLife rating,7990,4.2,7.0,Semi Automatic,Top Load,2.0
realme,TechLife Rating,8390,4.2,7.5,Semi Automatic,Top Load,2.0
Godrej,NA,17991,4.4,11.5,Semi Automatic,Top Load,2.0
Lloyd,with In-built Heater Orange,17010,3.9,9.0,Semi Automatic,Top Load,2.0
realme,TechLife Rating Fabric Safe Wash,12290,4.1,7.5,Fully Automatic,Top Load,2.0
LG,Smart Inverter Technology TurboDrum Smart Diagnosis with Soft Closing Door Fully Aut...,19990,4.4,8.0,,,2.0
Godrej,NA,13199,4.0,8.0,Semi Automatic,Top Load,
Samsung,Hygiene Steam with In-built Heater Bla...,37990,4.3,9.0,Fully Automatic,Front Load,2.0
Samsung,NA,23499,4.5,7.0,Fully Automatic,Top Load,2.0
LG,NA,14655,4.3,8.0,Semi Automatic,Top Load,
MarQ,by Flipkart Rating Innowash Range,7490,4.3,7.0,Semi Automatic,Top Load,2.0
Whirlpool,Magic Clean,14990,4.1,7.0,Fully Automatic,Top Load,2.0
LG,NA,13795,4.3,8.0,Semi Automatic,Top Load,2.0
Uniboom,NA,20990,,8.0,Semi Automatic,Top Load,1.0
realme,TechLife Star Air Dry Soft Closing Lid,12290,4.2,7.5,Fully Automatic,Top Load,
MarQ,by Flipkart,11490,4.1,7.5,Fully Automatic,Top Load,
Uniboom,Maroon,20990,,8.0,Semi Automatic,Top Load,1.0
BOSCH,Dryer with In-built Heater,49800,4.6,8.0,,,2.0
Samsung,NA,16660,4.0,7.0,Fully Automatic,Top Load,2.0
Midea,NA,8999,,7.5,Semi Automatic,Top Load,2.0
Samsung,NA,27500,,9.0,Fully Automatic,Top Load,2.0
BOSCH,with In-built Heater,35289,,8.0,Fully Automatic,Front Load,2.0
Uniboom,NA,20990,,8.0,Semi Automatic,Top Load,1.0
White,Westinghouse (Trademark by Electrolux),10999,3.9,9.0,Semi Automatic,Top Load,2.0
ONIDA,NA,16990,4.2,6.8,Fully Automatic,Top Load,2.0
BOSCH,Dryer with In-built Heater,52410,4.2,9.0,,,2.0
InnoQ,| Turbo Wash | Buzzer | Wheels | Turbo Jet Dryer | Magic Filter | Lint Filter Semi Automat...,9690,4.2,10.0,,,1.0
ONIDA,10 Wash Programs Stainless Steel Drum W...,11990,4.2,6.5,Fully Automatic,Top Load,2.0
Intex,With Lint Filter Buzzer Castor Wheel with pad Collar Scrubber Transparent Lid Semi Au...,13499,4.3,7.5,,,2.0
Singer,NA,12690,4.5,10.0,Semi Automatic,Top Load,
Panasonic,NA,18800,3.9,10.0,Semi Automatic,Top Load,
Whirlpool,NA,10390,4.4,7.0,Semi Automatic,Top Load,2.0
Whirlpool,With Hard water wash with In-built He...,22290,4.1,9.5,Fully Automatic,Top Load,3.0
Whirlpool,NA,9290,4.4,7.0,Semi Automatic,Top Load,2.0
Whirlpool,with In-built Heater,17874,4.4,11.0,Semi Automatic,Top Load,2.0
Samsung,NA,23500,4.0,7.0,Fully Automatic,Top Load,10.0
BOSCH,with In-built Heater,31990,,7.0,Fully Automatic,Front Load,2.0
Midea,Rat Away Feature Air Jet Dry IPX4 Protection Washing Machin...,9490,4.1,8.0,Semi Automatic,Top Load,2.0
LG,NA,11999,3.3,7.5,Semi Automatic,Top Load,
Lloyd,by Havells,9290,4.3,7.0,Semi Automatic,Top Load,2.0
LG,with Smart Inverter Technology TurboDrum and Smart Diagnosis ...,18990,4.4,8.0,Fully Automatic,Top Load,2.0
Godrej,NA,10700,4.1,7.0,Semi Automatic,Top Load,2.0
ONIDA,and In-built Basket,10350,4.2,8.0,Semi Automatic,Top Load,2.0
ONIDA,10 Wash Programs Stainless Steel Drum W...,11990,4.2,6.5,Fully Automatic,Top Load,2.0
MarQ,by Flipkart Rating Innowash Range Maro...,6990,4.3,6.0,Semi Automatic,Top Load,2.0
MOTOROLA,rating Midnight Series,10490,4.3,10.0,Semi Automatic,Top Load,2.0
Samsung,Maroon,14695,4.2,8.5,Semi Automatic,Top Load,2.0
Haier,with In-built Heater,22999,4.3,7.5,Fully Automatic,Top Load,5.0
Godrej,with Tri-Roto Scrub Pulsator Pink,13490,4.5,8.0,Semi Automatic,Top Load,2.0
Uniboom,Maroon,18990,,7.5,Semi Automatic,Top Load,1.0
realme,TechLife rating,7990,4.2,7.0,Semi Automatic,Top Load,2.0
realme,TechLife Rating,8390,4.2,7.5,Semi Automatic,Top Load,2.0
Akai,Washer only Maroon,6490,,8.0,,,1.0
Godrej,NA,11999,4.5,8.0,Semi Automatic,Top Load,2.0
realme,TechLife Rating Fabric Safe Wash,12290,4.1,7.5,Fully Automatic,Top Load,2.0
LG,Smart Inverter Technology TurboDrum Smart Diagnosis with Soft Closing Door Fully Aut...,19990,4.4,8.0,,,2.0
Midea,NA,6990,4.2,7.0,Semi Automatic,Top Load,2.0
Voltas,Beko with In-built Heater,19290,4.1,10.0,Fully Automatic,Top Load,2.0
Haier,AI with Inverter Motor Puristeam and Refresh Function Anti Bacterial Technology Super Dr...,33990,4.3,8.0,,,5.0
InnoQ,by InnoQ Turbo Wash | Magic Filter | Lint Filter |Bubble Booster | 2026 Edition Washer on...,4890,3.9,8.5,,,1.0
MarQ,by Flipkart Rating Innowash Range,7490,4.3,7.0,Semi Automatic,Top Load,2.0
Whirlpool,Magic Clean,14990,4.1,7.0,Fully Automatic,Top Load,2.0
Panasonic,NA,17758,3.9,10.0,Semi Automatic,Top Load,
Panasonic,NA,30490,4.5,10.5,Fully Automatic,Top Load,2.0
realme,TechLife Star Air Dry Soft Closing Lid,12290,4.2,7.5,Fully Automatic,Top Load,
MarQ,by Flipkart,11490,4.1,7.5,Fully Automatic,Top Load,
Haier,with In-built Heater,22950,4.3,8.0,Fully Automatic,Top Load,5.0
Samsung,NA,11949,4.3,8.0,Semi Automatic,Top Load,2.0
IFB,with In-built Heater,32499,,11.0,Fully Automatic,Top Load,4.0
IFB,with In-built Heater,35770,,8.0,Fully Automatic,Front Load,4.0
MarQ,by Flipkart Rating Innowash Range Maro...,6990,4.3,6.0,Semi Automatic,Top Load,2.0
MOTOROLA,rating Midnight Series,10490,4.3,10.0,Semi Automatic,Top Load,2.0
Whirlpool,Power Dry Technology Maroon,11399,4.3,7.5,Semi Automatic,Top Load,2.0
Haier,AI Wi-Fi Direct Drive Technology Condensor and Sensor Dry with Dual Cycle Technology ...,59900,4.3,10.5,,,5.0
realme,TechLife rating,7990,4.2,7.0,Semi Automatic,Top Load,2.0
realme,TechLife Rating,8390,4.2,7.5,Semi Automatic,Top Load,2.0
IFB,Power Steam In-built Heater Hard Smart Sense Washing Machi...,26990,4.4,6.5,Fully Automatic,Top Load,4.0
Panasonic,NA,12890,4.3,8.0,Semi Automatic,Top Load,
realme,TechLife Rating Toughened Glass lid and Heavy Duty Motor Top Loa...,10390,4.2,8.5,Semi Automatic,,2.0
BOSCH,Drive Motor Anti Tangle Anti Vibration with In...,26490,4.4,6.0,Fully Automatic,Front Load,
realme,TechLife Rating Fabric Safe Wash,12290,4.1,7.5,Fully Automatic,Top Load,2.0
LG,Smart Inverter Technology TurboDrum Smart Diagnosis with Soft Closing Door Fully Aut...,19990,4.4,8.0,,,2.0
Samsung,with Steam inverter,19867,4.3,8.0,Fully Automatic,Top Load,
Voltas,Beko by A Tata Product Maroon,12345,4.4,8.0,Semi Automatic,Top Load,
MarQ,by Flipkart Rating Innowash Range,7490,4.3,7.0,Semi Automatic,Top Load,2.0
Whirlpool,Magic Clean,14990,4.1,7.0,Fully Automatic,Top Load,2.0
Thomson,NA,10990,4.0,9.0,Semi Automatic,Top Load,2.0
Lloyd,by Havells,19990,4.0,8.0,Fully Automatic,Top Load,2.0
Haier,NA,14790,4.3,6.5,Fully Automatic,Top Load,2.0
Godrej,NA,15790,4.2,10.0,Semi Automatic,Top Load,
MarQ,by Flipkart Rating Innowash Range Maro...,6990,4.3,6.0,Semi Automatic,Top Load,2.0
MOTOROLA,rating Midnight Series,10490,4.3,10.0,Semi Automatic,Top Load,2.0
Haier,Oxyi Dry Technology 1300 RPM Spray Function Wash Programs Magic Filter Rat Mesh Semi...,12178,4.3,8.5,,,2.0
Panasonic,with In-built Heater,31490,3.6,11.0,Fully Automatic,Top Load,2.0
realme,TechLife rating,7990,4.2,7.0,Semi Automatic,Top Load,2.0
realme,TechLife Rating,8390,4.2,7.5,Semi Automatic,Top Load,2.0
BPL,Maroon,12077,4.4,7.0,Semi Automatic,Top Load,2.0
IFB,with In-built Heater,23990,4.2,7.0,Fully Automatic,Top Load,4.0
Whirlpool,Power Dry Technology Maroon,11399,4.3,7.5,Semi Automatic,Top Load,2.0
IFB,with In-built Heater,32990,,11.0,Fully Automatic,Top Load,4.0
realme,TechLife Rating Fabric Safe Wash,12290,4.1,7.5,Fully Automatic,Top Load,2.0
LG,Smart Inverter Technology TurboDrum Smart Diagnosis with Soft Closing Door Fully Aut...,19990,4.4,8.0,,,2.0
BOSCH,NA,19990,4.4,6.5,Fully Automatic,Top Load,2.0
Acer,with In-built Heater,14499,2.7,7.0,Fully Automatic,Top Load,2.0
MarQ,by Flipkart Rating Innowash Range,7490,4.3,7.0,Semi Automatic,Top Load,2.0
Whirlpool,Magic Clean,14590,4.2,6.5,Fully Automatic,Top Load,2.0
Godrej,NA,15790,4.2,10.0,Semi Automatic,Top Load,
IFB,Powe by AI with 2x Steam Cycle with ...,31290,4.3,6.5,Fully Automatic,Front Load,4.0
Intex,With Air Dry Technology Pulsator Design Magic Filter Washing Mach...,14999,4.3,8.0,Semi Automatic,Top Load,2.0
Thomson,NA,12490,4.3,10.0,Semi Automatic,Top Load,2.0
Whirlpool,Magic Clean,14990,4.1,7.0,Fully Automatic,Top Load,2.0
realme,TechLife Star Air Dry Soft Closing Lid,12290,4.2,7.5,Fully Automatic,Top Load,
BOSCH,with 99.9% Dry Clothes Dryer with In-built Heater,40511,4.5,8.0,,,2.0
Godrej,NA,18990,4.3,6.5,Fully Automatic,Top Load,2.0
MarQ,by Flipkart Rating Innowash Range Maro...,6990,4.3,6.0,Semi Automatic,Top Load,2.0
MOTOROLA,rating Midnight Series,10490,4.3,10.0,Semi Automatic,Top Load,2.0
Godrej,NA,15900,4.1,7.0,Fully Automatic,Top Load,2.0
Siemens,NA,30990,4.4,7.0,Fully Automatic,Front Load,2.0
Whirlpool,NA,13790,4.0,9.5,Semi Automatic,Top Load,10.0
Siemens,with In-built Heater,39190,4.0,8.0,Fully Automatic,Front Load,
realme,TechLife rating,7990,4.2,7.0,Semi Automatic,Top Load,2.0
realme,TechLife Rating,8390,4.2,7.5,Semi Automatic,Top Load,2.0
LG,with Wi-Fi Enabled Jet Sprey Auto Pre Wash Smart Diagnosis Smart Closing Door and 10 Water...,33990,4.2,9.0,,,
Voltas,Beko,11990,4.2,8.0,Semi Automatic,Top Load,
realme,TechLife Rating Fabric Safe Wash,12290,4.1,7.5,Fully Automatic,Top Load,2.0
LG,Smart Inverter Technology TurboDrum Smart Diagnosis with Soft Closing Door Fully Aut...,19990,4.4,8.0,,,2.0
Samsung,NA,18252,4.0,8.0,Fully Automatic,Top Load,2.0
Godrej,with Roller coaster wash technology,19499,4.2,7.5,Fully Automatic,Top Load,
Panasonic,Wi-Fi EnabledSmart with In-built Heater,28200,4.3,8.0,Fully Automatic,Top Load,2.0
Voltas,Beko by A Tata Product,12998,4.2,8.0,Semi Automatic,Top Load,2.0
MarQ,by Flipkart Rating Innowash Range,7490,4.3,7.0,Semi Automatic,Top Load,2.0
Whirlpool,Magic Clean,14990,4.1,7.0,Fully Automatic,Top Load,2.0
BOSCH,with In-built Heater,26900,4.3,8.0,Fully Automatic,Top Load,2.0
Electrolux,8/ Washer with Dryer EcoInverter 40C Vapour Wash UltimateCare 300,47990,3.5,5.0,,,3.0
realme,TechLife Star Air Dry Soft Closing Lid,12290,4.2,7.5,Fully Automatic,Top Load,
MarQ,by Flipkart,11490,4.1,7.5,Fully Automatic,Top Load,
Godrej,With Soft Shut Wash Lid Tri-Roto Scrub Pulsator Washing ...,14499,3.7,8.5,Semi Automatic,Top Load,2.0
Lloyd,by Havells,18900,4.2,7.0,Fully Automatic,Top Load,
Lloyd,by Havells,15248,4.6,8.0,Semi Automatic,Top Load,2.0
Voltas,Beko by A Tata Product,12998,4.2,8.0,Semi Automatic,Top Load,2.0
MarQ,by Flipkart Rating Innowash Range Maro...,6990,4.3,6.0,Semi Automatic,Top Load,2.0
MOTOROLA,rating Midnight Series,10490,4.3,10.0,Semi Automatic,Top Load,2.0
IFB,with DeepClean Technology PowerSteam AI Powe Aqua Energie Top Lo...,33840,4.3,11.0,Fully Automatic,,4.0
Panasonic,Multicolor,19115,4.4,12.0,Semi Automatic,Top Load,1.0
realme,TechLife rating,7990,4.2,7.0,Semi Automatic,Top Load,2.0
realme,TechLife Rating,8390,4.2,7.5,Semi Automatic,Top Load,2.0
Lloyd,by Havells,18900,4.2,7.0,Fully Automatic,Top Load,
Samsung,NA,17380,4.1,7.0,Fully Automatic,Top Load,2.0
Godrej,NA,15900,4.1,7.0,Fully Automatic,Top Load,2.0
Lloyd,by Havells with In-built Heater,33316,3.8,8.0,Fully Automatic,Front Load,2.0
realme,TechLife Rating Fabric Safe Wash,12290,4.1,7.5,Fully Automatic,Top Load,2.0
LG,Smart Inverter Technology TurboDrum Smart Diagnosis with Soft Closing Door Fully Aut...,19990,4.4,8.0,,,2.0
Whirlpool,NA,16750,,7.5,Fully Automatic,Top Load,2.0
BOSCH,Maroon,23499,4.3,8.0,Fully Automatic,Top Load,2.0
MarQ,by Flipkart Rating Innowash Range,7490,4.3,7.0,Semi Automatic,Top Load,2.0
Whirlpool,Magic Clean,14590,4.2,6.5,Fully Automatic,Top Load,2.0
IFB,NA,23640,,8.0,Fully Automatic,Top Load,4.0
Samsung,NA,15399,4.2,8.5,Semi Automatic,Top Load,
BOSCH,NA,23390,4.1,7.0,Fully Automatic,Top Load,2.0
BOSCH,Maroon,25500,4.2,8.0,Fully Automatic,Top Load,2.0
Whirlpool,Magic Clean,14990,4.1,7.0,Fully Automatic,Top Load,2.0
realme,TechLife Star Air Dry Soft Closing Lid,12290,4.2,7.5,Fully Automatic,Top Load,
Lloyd,by Havells,13994,,8.0,Semi Automatic,Top Load,
Lloyd,NA,13299,,8.0,Semi Automatic,Top Load,2.0
MarQ,by Flipkart Rating Innowash Range Maro...,6990,4.3,6.0,Semi Automatic,Top Load,2.0
MOTOROLA,rating Midnight Series,10490,4.3,10.0,Semi Automatic,Top Load,2.0
Lloyd,by Havells,11587,4.5,7.0,Semi Automatic,Top Load,2.0
Godrej,NA,12980,4.3,8.0,Semi Automatic,Top Load,
IFB,with In-built Heater,21930,4.4,7.0,Fully Automatic,Top Load,4.0
IFB,with In-built Heater,30990,4.0,6.0,Fully Automatic,Front Load,4.0
realme,TechLife rating,7990,4.2,7.0,Semi Automatic,Top Load,2.0
realme,TechLife Rating,8390,4.2,7.5,Semi Automatic,Top Load,2.0
Whirlpool,NA,13790,4.0,9.5,Semi Automatic,Top Load,10.0
Voltas,Beko by A Tata Product Hygiene+ and Pro Smart Invertor Motor ...,35578,4.0,6.5,Fully Automatic,Front Load,3.0
realme,TechLife Rating Fabric Safe Wash,12290,4.1,7.5,Fully Automatic,Top Load,2.0
LG,Smart Inverter Technology TurboDrum Smart Diagnosis with Soft Closing Door Fully Aut...,19990,4.4,8.0,,,2.0
BOSCH,10.5/ Washer with Dryer with In-built Heater,65999,4.4,6.0,,,2.0
Whirlpool,NA,10990,4.4,6.5,Semi Automatic,Top Load,2.0
Power,Guard,9039,4.3,7.0,Semi Automatic,Top Load,2.0
Electrolux,9/ Washer with Dryer EcoInverter 40C Vapour Wash UltimateCare 300,58990,4.3,6.0,,,3.0
MarQ,by Flipkart Rating Innowash Range,7490,4.3,7.0,Semi Automatic,Top Load,2.0
Whirlpool,Magic Clean,14990,4.1,7.0,Fully Automatic,Top Load,2.0
Godrej,Turbo 6 Pulsator With Toughened Glass Lid,15594,4.3,6.0,Fully Automatic,Top Load,
Admiral,NA,13999,3.6,6.5,Fully Automatic,Top Load,3.0
realme,TechLife Star Air Dry Soft Closing Lid,12290,4.2,7.5,Fully Automatic,Top Load,
MarQ,by Flipkart,11490,4.1,7.5,Fully Automatic,Top Load,
Voltas,Beko by A Tata Product Steam Wash Invertor Motor and Hygiene+ Front Loa...,26140,3.9,6.5,Fully Automatic,,3.0
IFB,Gentle Wash Aqua Energie Laundry Add In-built heater Was...,28690,4.4,6.0,Fully Automatic,Front Load,4.0
IFB,with DeepClean Technology Power Steam AI Powe Aqua Energie 5D Wash Fully Autom...,35710,4.0,11.0,,,4.0
Uniboom,NA,18990,,7.5,Semi Automatic,Top Load,1.0
MarQ,by Flipkart Rating Innowash Range Maro...,6990,4.3,6.0,Semi Automatic,Top Load,2.0
MOTOROLA,rating Midnight Series,10490,4.3,10.0,Semi Automatic,Top Load,2.0
Voltas,Beko by A Tata Product with In-built Hea...,20990,3.8,6.0,Fully Automatic,Front Load,2.0
Siemens,with In-built Heater,52090,4.6,7.5,Fully Automatic,Front Load,2.0
realme,TechLife rating,7990,4.2,7.0,Semi Automatic,Top Load,2.0
realme,TechLife Rating,8390,4.2,7.5,Semi Automatic,Top Load,2.0
Sharp,NA,8490,5.0,7.0,Semi Automatic,Top Load,2.0
IFB,with In-built Heater,34860,4.6,9.0,Fully Automatic,Front Load,4.0
White,Westinghouse (Trademark by Electrolux) with I...,27499,3.8,10.5,Fully Automatic,Front Load,
Panasonic,Wi-Fi Enabled Smart,32573,4.3,7.0,Fully Automatic,Top Load,2.0
realme,TechLife Rating Fabric Safe Wash,12290,4.1,7.5,Fully Automatic,Top Load,2.0
LG,Smart Inverter Technology TurboDrum Smart Diagnosis with Soft Closing Door Fully Aut...,19990,4.4,8.0,,,2.0
Godrej,with Roller Coaster Wash Technology,17390,4.2,7.5,Fully Automatic,Top Load,2.0
IFB,with Steam Wash Aqua Energie Anti-Allergen wit...,28640,4.4,6.5,Fully Automatic,Front Load,4.0
MarQ,by Flipkart Rating Innowash Range,7490,4.3,7.0,Semi Automatic,Top Load,2.0
Whirlpool,Magic Clean,14590,4.2,6.5,Fully Automatic,Top Load,2.0
Whirlpool,with In-built Heater,18170,3.6,8.5,Fully Automatic,Top Load,2.0
White,Westinghouse (Trademark by Electrolux) Maroo...,8499,4.2,7.0,Semi Automatic,Top Load,2.0
Admiral,NA,10490,4.2,8.0,Semi Automatic,Top Load,3.0
Haier,NA,18962,,8.0,Fully Automatic,Top Load,
MarQ,by Flipkart Rating Innowash Range Maro...,6990,4.3,6.0,Semi Automatic,Top Load,2.0
MOTOROLA,rating Midnight Series,10490,4.3,10.0,Semi Automatic,Top Load,2.0
Samsung,with Steam,32490,,7.0,Fully Automatic,Front Load,2.0
Siemens,with In-built Heater,43990,4.0,8.0,Fully Automatic,Front Load,2.0
realme,TechLife rating,7990,4.2,7.0,Semi Automatic,Top Load,2.0
realme,TechLife Rating,8390,4.2,7.5,Semi Automatic,Top Load,2.0
Godrej,NA,20887,4.3,7.0,Fully Automatic,Top Load,2.0
Samsung,Hexa Storm Pulsator,18296,4.4,8.5,Semi Automatic,Top Load,
Kelvinator,Maroon,10146,3.9,7.5,Semi Automatic,Top Load,1.0
Power,Guard,9039,4.3,7.0,Semi Automatic,Top Load,2.0
realme,TechLife Rating Fabric Safe Wash,12290,4.1,7.5,Fully Automatic,Top Load,2.0
LG,Smart Inverter Technology TurboDrum Smart Diagnosis with Soft Closing Door Fully Aut...,19990,4.4,8.0,,,2.0
Whirlpool,NA,17599,4.5,10.5,Semi Automatic,Top Load,2.0
Godrej,NA,20847,4.3,7.0,Fully Automatic,Top Load,2.0
MarQ,by Flipkart Rating Innowash Range,7490,4.3,7.0,Semi Automatic,Top Load,2.0
Whirlpool,Magic Clean,14590,4.2,6.5,Fully Automatic,Top Load,2.0
BOSCH,with In-built Heater,43615,,9.0,Fully Automatic,Front Load,3.0
Kelvinator,with In-built Heater,14670,,6.5,Fully Automatic,Top Load,2.0
BOSCH,with 99.9% Dry Clothes Dryer with In-built Heater,36890,4.5,7.0,,,
BOSCH,With Vario Drum & Anti Tangle Program Silve...,29092,4.3,9.0,Fully Automatic,Top Load,2.0
Whirlpool,Magic Clean,14990,4.1,7.0,Fully Automatic,Top Load,2.0
realme,TechLife Star Air Dry Soft Closing Lid,12290,4.2,7.5,Fully Automatic,Top Load,
Voltas,Beko by A Tata Product Maroon,16990,,14.0,Semi Automatic,Top Load,2.0
IFB,Steam Wash Hard Water Wash Active Color Protection Washing Mac...,29899,4.3,6.5,Fully Automatic,Front Load,4.0
MarQ,by Flipkart Rating Innowash Range Maro...,6990,4.3,6.0,Semi Automatic,Top Load,2.0
MOTOROLA,rating Midnight Series,10490,4.3,10.0,Semi Automatic,Top Load,2.0
Haier,NA,24700,4.9,10.5,Fully Automatic,Top Load,2.0
Samsung,with Wi-Fi Enabled,25385,4.1,8.0,Fully Automatic,Top Load,2.0
Voltas,Beko,12990,4.7,8.5,Semi Automatic,Top Load,2.0
BLACK+DECKER,+DECKER with In-built Heater,21999,3.9,6.0,Fully Automatic,Front Load,2.0
realme,TechLife rating,7990,4.2,7.0,Semi Automatic,Top Load,2.0
realme,TechLife Rating,8390,4.2,7.5,Semi Automatic,Top Load,2.0
Panasonic,NA,20221,,8.0,Fully Automatic,Top Load,2.0
IFB,with Steam Refresh program 9 Swirl Wash Eco Inverter Touch Panel with AI Fully Auto...,35999,4.4,8.0,,,4.0
realme,TechLife Rating Fabric Safe Wash,12290,4.1,7.5,Fully Automatic,Top Load,2.0
LG,Smart Inverter Technology TurboDrum Smart Diagnosis with Soft Closing Door Fully Aut...,19990,4.4,8.0,,,2.0
BOSCH,with In-built Heater,42999,,10.0,Fully Automatic,Front Load,3.0
Voltas,Beko by A Tata Product with Fast Dry Double Waterfall 5 Wing Pulsator Top...,14999,4.3,7.0,Semi Automatic,,2.0
Samsung,Eco Bubble Technology with Super Speed AI Control Wi-Fi Enabled Digital Inve...,42700,4.4,9.0,,,2.0
Lloyd,NA,25490,,8.0,Fully Automatic,Top Load,2.0
MarQ,by Flipkart Rating Innowash Range,7490,4.3,7.0,Semi Automatic,Top Load,2.0
Whirlpool,Magic Clean,14990,4.1,7.0,Fully Automatic,Top Load,2.0
Voltas,Beko with In-built Heater,26590,,8.0,Fully Automatic,Front Load,3.0
Whirlpool,with In-built Heater,31490,5.0,9.0,Fully Automatic,Front Load,1.0
realme,TechLife Star Air Dry Soft Closing Lid,12290,4.2,7.5,Fully Automatic,Top Load,
MarQ,by Flipkart,11490,4.1,7.5,Fully Automatic,Top Load,
Whirlpool,Maroon,9990,,7.0,Semi Automatic,Top Load,4.0
IFB,NA,23490,4.3,7.0,Fully Automatic,Top Load,4.0
IFB,2X Power Steam Hard Water Wash with In-buil...,34606,4.3,7.0,Fully Automatic,Front Load,4.0
Whirlpool,with In-built Heater,17590,3.6,8.0,Fully Automatic,Top Load,1.0
MarQ,by Flipkart Rating Innowash Range Maro...,6990,4.3,6.0,Semi Automatic,Top Load,2.0
LG,Smart Inverter Technology TurboDrum Smart Diagnosis with Soft Closing Door Fully Aut...,19990,4.4,8.0,,,2.0
White,Westinghouse (Trademark by Electrolux),12999,3.7,6.5,Fully Automatic,Top Load,2.0
Lloyd,by Havells,19000,3.7,7.5,Semi Automatic,Top Load,2.0
MOTOROLA,rating Midnight Series,10490,4.3,10.0,Semi Automatic,Top Load,2.0
realme,TechLife rating,7990,4.2,7.0,Semi Automatic,Top Load,2.0
Voltas,Beko by A Tata Product with Fountain Wash Baffle Filter and Eco Wash with 10 Wash Progr...,17290,3.9,6.5,,,3.0
Panasonic,NA,20221,,8.0,Fully Automatic,Top Load,2.0
Lloyd,NA,25490,,8.0,Fully Automatic,Top Load,2.0
Godrej,With Flexi Wash Technology And Soft-Close Lid Top...,18690,3.9,7.5,Fully Automatic,,3.0
realme,TechLife Rating,8390,4.2,7.5,Semi Automatic,Top Load,2.0
realme,TechLife Rating Fabric Safe Wash,12290,4.1,7.5,Fully Automatic,Top Load,2.0
Whirlpool,with In-built Heater,31490,5.0,9.0,Fully Automatic,Front Load,1.0
Samsung,with Wi-Fi Enabled with In-built Heater,28897,3.6,8.0,Fully Automatic,Top Load,3.0
MarQ,by Flipkart Rating Innowash Range,7490,4.3,7.0,Semi Automatic,Top Load,2.0
Whirlpool,Magic Clean,14990,4.1,7.0,Fully Automatic,Top Load,2.0
Samsung,with Steam Wi-Fi Enabled with In-built Heater...,34290,4.4,8.0,Fully Automatic,Front Load,2.0
Panasonic,with In-built Heater,25747,4.4,10.0,Fully Automatic,Top Load,2.0
Lloyd,by Havells Toughened Glass Soft Closing Glass Lids 1300 RPM Soak Function 5 Wash Program...,14090,4.3,9.0,,,
Godrej,Zero Pressure Technology With Roller Coaster Wash and Advanced Digital Display Full...,18990,,8.0,,,2.0
realme,TechLife Star Air Dry Soft Closing Lid,12290,4.2,7.5,Fully Automatic,Top Load,
MarQ,by Flipkart,11490,4.1,7.5,Fully Automatic,Top Load,
Whirlpool,Magic Clean,17490,4.1,6.5,Fully Automatic,Top Load,2.0
BOSCH,AntiTangle AntiVibration 1200RPM with In-built H...,33129,4.5,8.0,Fully Automatic,Front Load,2.0
MarQ,by Flipkart Rating Innowash Range Maro...,6990,4.3,6.0,Semi Automatic,Top Load,2.0
MOTOROLA,rating Midnight Series,10490,4.3,10.0,Semi Automatic,Top Load,2.0
Lloyd,by Havells,14699,4.3,9.0,Semi Automatic,Top Load,2.0
Admiral,NA,12649,3.6,6.0,Fully Automatic,Top Load,3.0
Samsung,with In-built Heater,48999,4.3,11.0,Fully Automatic,Front Load,2.0
IFB,& Voice Enabled Dual-tone with IMD panel Anti- Allergen Front Loa...,27370,4.3,6.5,Fully Automatic,,4.0
realme,TechLife rating,7990,4.2,7.0,Semi Automatic,Top Load,2.0
realme,TechLife Rating,8390,4.2,7.5,Semi Automatic,Top Load,2.0
Samsung,Air Turbo Drying Purple,13462,4.4,7.0,Semi Automatic,Top Load,
Godrej,NA,21000,4.5,7.0,Fully Automatic,Top Load,
realme,TechLife Rating Fabric Safe Wash,12290,4.1,7.5,Fully Automatic,Top Load,2.0
LG,Smart Inverter Technology TurboDrum Smart Diagnosis with Soft Closing Door Fully Aut...,19990,4.4,8.0,,,2.0
Samsung,NA,13751,4.1,7.5,Semi Automatic,Top Load,
Haier,NA,11201,3.7,7.0,Semi Automatic,Top Load,1.0
White,Westinghouse (Trademark by Electrolux),12999,3.7,6.5,Fully Automatic,Top Load,2.0
Whirlpool,NA,15250,4.2,6.5,Fully Automatic,Top Load,2.0
MarQ,by Flipkart Rating Innowash Range,7490,4.3,7.0,Semi Automatic,Top Load,2.0
Whirlpool,Magic Clean,14590,4.2,6.5,Fully Automatic,Top Load,2.0
Whirlpool,NA,21447,4.6,6.5,Fully Automatic,Top Load,2.0
Panasonic,8 Wash Program AquaBeat Wash,13990,4.3,6.0,Fully Automatic,Top Load,2.0
Whirlpool,Magic Clean,14990,4.1,7.0,Fully Automatic,Top Load,2.0
realme,TechLife Star Air Dry Soft Closing Lid,12290,4.2,7.5,Fully Automatic,Top Load,
LG,Electronics,16299,4.4,9.5,Semi Automatic,Top Load,2.0
Sharp,NA,9989,,8.0,Semi Automatic,Top Load,2.0
BOSCH,9/ Washer with Dryer Inverter 1400RPM Ready to Wear Clothes with In-built Heater,61059,4.4,6.0,,,
Uniboom,NA,18990,,7.5,Semi Automatic,Top Load,1.0
MarQ,by Flipkart Rating Innowash Range Maro...,6990,4.3,6.0,Semi Automatic,Top Load,2.0
MOTOROLA,rating Midnight Series,10490,4.3,10.0,Semi Automatic,Top Load,2.0
Admiral,NA,12649,3.6,6.0,Fully Automatic,Top Load,3.0
Lloyd,with In-built Heater,17999,,7.5,Fully Automatic,Top Load,1.0
realme,TechLife rating,7990,4.2,7.0,Semi Automatic,Top Load,2.0
realme,TechLife Rating,8390,4.2,7.5,Semi Automatic,Top Load,2.0
BOSCH,with In-built Heater,49999,5.0,10.0,Fully Automatic,Front Load,
Haier,with In-built Heater,24850,,8.0,Fully Automatic,Top Load,3.0
Godrej,NA,17289,,7.0,Fully Automatic,Top Load,10.0
BOSCH,1400RPM,44455,4.4,8.0,Fully Automatic,Front Load,2.0
realme,TechLife Rating Fabric Safe Wash,12290,4.1,7.5,Fully Automatic,Top Load,2.0
LG,Smart Inverter Technology TurboDrum Smart Diagnosis with Soft Closing Door Fully Aut...,19990,4.4,8.0,,,2.0
BOSCH,NA,21999,4.0,7.0,Fully Automatic,Top Load,2.0
ONIDA,NA,13284,,8.0,Semi Automatic,Top Load,2.0
MarQ,by Flipkart Rating Innowash Range,7490,4.3,7.0,Semi Automatic,Top Load,2.0
Whirlpool,Magic Clean,14990,4.1,7.0,Fully Automatic,Top Load,2.0
Samsung,NA,12292,4.1,6.5,Semi Automatic,Top Load,
IFB,with In-built Heater Multicolor,23899,,8.0,Fully Automatic,Top Load,4.0
BOSCH,AntiTangle AntiVibration 1200RPM with In-built H...,32990,4.4,8.0,Fully Automatic,Front Load,
Sharp,NA,8380,,7.0,Semi Automatic,Top Load,2.0
MarQ,by Flipkart Rating Innowash Range Maro...,6990,4.3,6.0,Semi Automatic,Top Load,2.0
MOTOROLA,rating Midnight Series,10490,4.3,10.0,Semi Automatic,Top Load,2.0
BOSCH,with In-built Heater,39990,,8.0,Fully Automatic,Front Load,2.0
Equator,with 99.9% Dry Clothes Automatic Temperature control Dryer with In-built Heater,13566,3.3,2.5,,,2.0
realme,TechLife rating,7990,4.2,7.0,Semi Automatic,Top Load,2.0
realme,TechLife Rating,8390,4.2,7.5,Semi Automatic,Top Load,2.0
Power,Guard,9749,,7.5,Semi Automatic,Top Load,2.0
BOSCH,with In-built Heater,36989,,9.0,Fully Automatic,Front Load,2.0
BOSCH,with In-built Heater,38490,,8.0,Fully Automatic,Front Load,2.0
Samsung,NA,34645,4.7,7.0,Fully Automatic,Front Load,
realme,TechLife Rating Fabric Safe Wash,12290,4.1,7.5,Fully Automatic,Top Load,2.0
LG,Smart Inverter Technology TurboDrum Smart Diagnosis with Soft Closing Door Fully Aut...,19990,4.4,8.0,,,2.0
Acer,NA,12499,3.3,6.5,Fully Automatic,Top Load,2.0
IFB,NA,17460,,6.5,Fully Automatic,Top Load,4.0
MarQ,by Flipkart Rating Innowash Range,7490,4.3,7.0,Semi Automatic,Top Load,2.0
Whirlpool,Magic Clean,14990,4.1,7.0,Fully Automatic,Top Load,2.0
Admiral,Maroon,8999,4.2,6.5,Semi Automatic,Top Load,3.0
Godrej,NA,15900,,7.0,Fully Automatic,Top Load,2.0
Acer,NA,15499,4.1,12.0,Semi Automatic,Top Load,2.0
IFB,4D Wash Technology & illumination Knob w...,37000,4.4,8.5,Fully Automatic,Front Load,4.0
realme,TechLife Star Air Dry Soft Closing Lid,12290,4.2,7.5,Fully Automatic,Top Load,
MarQ,by Flipkart,11490,4.1,7.5,Fully Automatic,Top Load,
BOSCH,with In-built Heater,35189,,8.0,Fully Automatic,Front Load,3.0
Haier,NA,13990,4.2,8.5,Semi Automatic,Top Load,2.0
MarQ,by Flipkart Rating Innowash Range Maro...,6990,4.3,6.0,Semi Automatic,Top Load,2.0
MOTOROLA,rating Midnight Series,10490,4.3,10.0,Semi Automatic,Top Load,2.0
Whirlpool,Supersoak Technology Purple,11990,4.4,8.0,Semi Automatic,Top Load,2.0
IFB,with In-built Heater,33670,,8.0,Fully Automatic,Front Load,4.0
TOSHIBA,with In-built Heater,43490,,8.0,Fully Automatic,Front Load,4.0
Samsung,with Wi-Fi Enabled,30990,4.3,10.0,Fully Automatic,Top Load,2.0
realme,TechLife rating,7990,4.2,7.0,Semi Automatic,Top Load,2.0
realme,TechLife Rating,8390,4.2,7.5,Semi Automatic,Top Load,2.0
Lloyd,by Havells 1300 RPM Soak Function 3 Wash Programs Swift Dry Magic Filter ...,16855,4.3,8.0,Semi Automatic,,2.0
BOSCH,with In-built Heater,31490,4.6,7.0,Fully Automatic,Front Load,
realme,TechLife Rating Fabric Safe Wash,12290,4.1,7.5,Fully Automatic,Top Load,2.0
LG,Smart Inverter Technology TurboDrum Smart Diagnosis with Soft Closing Door Fully Aut...,19990,4.4,8.0,,,2.0
Whirlpool,NA,17490,,7.5,Fully Automatic,Top Load,2.0
Haier,NA,13490,4.2,8.5,Semi Automatic,Top Load,2.0
Voltas,Beko by A Tata Product,14080,4.5,8.0,Semi Automatic,Top Load,
Admiral,NA,9490,4.2,7.5,Semi Automatic,Top Load,3.0
MarQ,by Flipkart Rating Innowash Range,7490,4.3,7.0,Semi Automatic,Top Load,2.0
Whirlpool,Magic Clean,14990,4.1,7.0,Fully Automatic,Top Load,2.0
Hafele,with In-built Heater,25990,,7.0,Fully Automatic,Front Load,3.0
Acer,with In-built Heater Maroon,17490,,8.0,Fully Automatic,Top Load,2.0
realme,TechLife Star Air Dry Soft Closing Lid,12290,4.2,7.5,Fully Automatic,Top Load,
MarQ,by Flipkart,11490,4.1,7.5,Fully Automatic,Top Load,
BOSCH,Maroon,24900,4.0,7.5,Fully Automatic,Top Load,2.0
Godrej,NA,19676,,7.0,Fully Automatic,Top Load,10.0
Samsung,with Wi-Fi Enabled,30990,4.3,10.0,Fully Automatic,Top Load,2.0
Samsung,with In-built Heater,53138,,13.0,Fully Automatic,Top Load,2.0
MarQ,by Flipkart Rating Innowash Range Maro...,6990,4.3,6.0,Semi Automatic,Top Load,2.0
MOTOROLA,rating Midnight Series,10490,4.3,10.0,Semi Automatic,Top Load,2.0
BOSCH,Drive Motor Anti Tangle Anti Vibration,30299,4.4,6.0,Fully Automatic,Front Load,
Whirlpool,NA,17834,3.6,8.5,Semi Automatic,Top Load,2.0
realme,TechLife rating,7990,4.2,7.0,Semi Automatic,Top Load,2.0
realme,TechLife Rating,8390,4.2,7.5,Semi Automatic,Top Load,2.0
Whirlpool,Maroon,10390,,7.0,Semi Automatic,Top Load,4.0
Admiral,NA,9490,4.2,7.5,Semi Automatic,Top Load,3.0
LG,NA,22799,4.3,7.5,Fully Automatic,Top Load,2.0
Whirlpool,with In-built Heater,17490,3.7,8.0,Fully Automatic,Top Load,1.0
realme,TechLife Rating Fabric Safe Wash,12290,4.1,7.5,Fully Automatic,Top Load,2.0
LG,Smart Inverter Technology TurboDrum Smart Diagnosis with Soft Closing Door Fully Aut...,19990,4.4,8.0,,,2.0
Godrej,with In-built Heater,28999,,7.0,Fully Automatic,Front Load,2.0
Haier,NA,17618,3.5,7.0,Fully Automatic,Top Load,2.0
MarQ,by Flipkart Rating Innowash Range,7490,4.3,7.0,Semi Automatic,Top Load,2.0
Whirlpool,Magic Clean,14990,4.1,7.0,Fully Automatic,Top Load,2.0
Samsung,with Steam Wi-Fi Enabled with In-built Heater...,49312,4.1,8.0,Fully Automatic,Front Load,2.0
Whirlpool,with In-built Heater,17040,3.1,9.5,Semi Automatic,Top Load,2.0
Panasonic,with In-built Heater,31390,4.2,8.0,Fully Automatic,Front Load,2.0
Samsung,NA,37990,4.3,11.0,Fully Automatic,Top Load,2.0
realme,TechLife Star Air Dry Soft Closing Lid,12290,4.2,7.5,Fully Automatic,Top Load,
MarQ,by Flipkart,11490,4.1,7.5,Fully Automatic,Top Load,
Godrej,NA,20490,,12.0,Semi Automatic,Top Load,5.0
Intex,with In-built Heater,22390,3.9,6.0,Fully Automatic,Front Load,2.0
MarQ,by Flipkart Rating Innowash Range Maro...,6990,4.3,6.0,Semi Automatic,Top Load,2.0
MOTOROLA,rating Midnight Series,10490,4.3,10.0,Semi Automatic,Top Load,2.0
IFB,with In-built Heater,55999,,10.0,Fully Automatic,Front Load,
Godrej,with In-built Heater,21999,4.3,7.0,Fully Automatic,Top Load,2.0
BOSCH,1200RPM with In-built Heater,31990,,7.5,Fully Automatic,Front Load,3.0
Haier,with In-built Heater,25490,5.0,7.5,Fully Automatic,Top Load,2.0
realme,TechLife rating,7990,4.2,7.0,Semi Automatic,Top Load,2.0
realme,TechLife Rating,8390,4.2,7.5,Semi Automatic,Top Load,2.0
Godrej,with In-built Heater,20500,4.0,7.0,Fully Automatic,Top Load,2.0
Lloyd,by Havells Pink,17488,3.8,9.0,Semi Automatic,Top Load,
realme,TechLife Rating Fabric Safe Wash,12290,4.1,7.5,Fully Automatic,Top Load,2.0
LG,Smart Inverter Technology TurboDrum Smart Diagnosis with Soft Closing Door Fully Aut...,19990,4.4,8.0,,,2.0
BOSCH,with In-built Heater,29820,,7.0,Fully Automatic,Front Load,2.0
Voltas,Beko by A Tata Product,12999,4.3,8.0,Semi Automatic,Top Load,2.0
LG,with Steam Wi-Fi Enabled with In-built Heater Silv...,50890,,11.0,Fully Automatic,Front Load,1.0
TOSHIBA,Inverter COLOR ALIVE Drum Clean Technology w...,27876,,7.0,Fully Automatic,Front Load,2.0
MarQ,by Flipkart Rating Innowash Range,7490,4.3,7.0,Semi Automatic,Top Load,2.0
Whirlpool,Magic Clean,14590,4.2,6.5,Fully Automatic,Top Load,2.0
IFB,with In-built Heater,23930,,8.0,Fully Automatic,Top Load,4.0
IFB,with In-built Heater,28919,,7.0,Fully Automatic,Front Load,4.0
Whirlpool,Magic Clean,14990,4.1,7.0,Fully Automatic,Top Load,2.0
realme,TechLife Star Air Dry Soft Closing Lid,12290,4.2,7.5,Fully Automatic,Top Load,
Samsung,with Wi-Fi Enabled5 Star,42990,4.6,9.0,Fully Automatic,Front Load,
Lloyd,by Havells,17899,3.7,6.5,Fully Automatic,Top Load,2.0
Godrej,with In-built Heater,29480,3.5,8.0,Fully Automatic,Front Load,2.0
Whirlpool,with In-built Heater,19490,,7.5,Fully Automatic,Top Load,2.0
MarQ,by Flipkart Rating Innowash Range Maro...,6990,4.3,6.0,Semi Automatic,Top Load,2.0
MOTOROLA,rating Midnight Series,10490,4.3,10.0,Semi Automatic,Top Load,2.0
Sharp,NA,11990,,9.0,Semi Automatic,Top Load,2.0
BOSCH,with In-built Heater,45000,,10.0,Fully Automatic,Front Load,3.0
realme,TechLife rating,7990,4.2,7.0,Semi Automatic,Top Load,2.0
realme,TechLife Rating,8390,4.2,7.5,Semi Automatic,Top Load,2.0
Lloyd,by Havells,17499,,7.0,Fully Automatic,Top Load,
BOSCH,Maroon,20490,,6.5,Fully Automatic,Top Load,2.0
IFB,8.5/ Washer with Dryer Refresher 3-in-1 Laundrimagic Wi-Fi Enabled Inverter with Steam Ready...,58990,4.0,6.5,,,4.0
TOSHIBA,with In-built Heater,29700,3.3,7.5,Fully Automatic,Front Load,4.0
realme,TechLife Rating Fabric Safe Wash,12290,4.1,7.5,Fully Automatic,Top Load,2.0
LG,Smart Inverter Technology TurboDrum Smart Diagnosis with Soft Closing Door Fully Aut...,19990,4.4,8.0,,,2.0
TOSHIBA,with In-built Heater,33900,5.0,8.0,Fully Automatic,Front Load,4.0
LG,with Inverter with In-built Heater,41990,4.5,9.0,Fully Automatic,Front Load,
MarQ,by Flipkart Rating Innowash Range,7490,4.3,7.0,Semi Automatic,Top Load,2.0
Whirlpool,Magic Clean,14590,4.2,6.5,Fully Automatic,Top Load,2.0
LG,with Inverter with In-built Heater,36990,4.2,7.0,Fully Automatic,Front Load,
Samsung,with In-built Heater,41970,,9.0,Fully Automatic,Front Load,2.0
LG,withWi-Fi Enabled with In-built Heater,48990,3.9,11.0,Fully Automatic,Front Load,1.0
Samsung,with Steam,35000,4.3,6.5,Fully Automatic,Front Load,2.0
MarQ,by Flipkart Rating Innowash Range Maro...,6990,4.3,6.0,Semi Automatic,Top Load,2.0
MOTOROLA,rating Midnight Series,10490,4.3,10.0,Semi Automatic,Top Load,2.0
LG,with In-built Heater,36990,4.3,7.0,Fully Automatic,Front Load,
Samsung,10 Washer with Dryer with Wi-Fi EnabledReady to Wear Clothes with In-built Heater,74990,,,,,3.0
realme,TechLife rating,7990,4.2,7.0,Semi Automatic,Top Load,2.0
realme,TechLife Rating,8390,4.2,7.5,Semi Automatic,Top Load,2.0
Samsung,8/ Washer with Dryer With Steam AI Control Wi-Fi EnabledReady to Wear Clothes,65999,,6.0,,,10.0
Hafele,with In-built Heater,31490,,9.0,Fully Automatic,Front Load,3.0
Intex,NA,11990,4.2,7.5,Fully Automatic,Top Load,2.0
IFB,9/ Washer with Dryer AI Powe 30 min Steam Refresh Program 100% Dry Ready-to-Wear Clothes ...,50990,4.0,6.0,,,4.0
realme,TechLife Rating Fabric Safe Wash,12290,4.1,7.5,Fully Automatic,Top Load,2.0
LG,Smart Inverter Technology TurboDrum Smart Diagnosis with Soft Closing Door Fully Aut...,19990,4.4,8.0,,,2.0
Samsung,with In-built Heater,39999,3.7,12.0,Fully Automatic,Front Load,2.0
LG,with Wi-Fi Enabled,41990,4.3,8.0,Fully Automatic,Front Load,2.0
MarQ,by Flipkart Rating Innowash Range,7490,4.3,7.0,Semi Automatic,Top Load,2.0
Whirlpool,Magic Clean,14590,4.2,6.5,Fully Automatic,Top Load,2.0
IFB,Dryer,22500,,5.5,,,10.0
Godrej,NA,15124,,6.5,Fully Automatic,Top Load,
Samsung,with In-built Heater,44229,3.7,12.0,Fully Automatic,Front Load,2.0
Admiral,with In-built Heater,18399,3.0,8.0,Fully Automatic,Top Load,3.0
Whirlpool,Magic Clean,14990,4.1,7.0,Fully Automatic,Top Load,2.0
realme,TechLife Star Air Dry Soft Closing Lid,12290,4.2,7.5,Fully Automatic,Top Load,
Panasonic,with In-built Heater,44074,,13.5,Fully Automatic,Top Load,2.0
LG,with Wi-Fi Enabled with In-built Heater,38990,4.6,7.0,Fully Automatic,Front Load,2.0
MarQ,by Flipkart Rating Innowash Range Maro...,6990,4.3,6.0,Semi Automatic,Top Load,2.0
MOTOROLA,rating Midnight Series,10490,4.3,10.0,Semi Automatic,Top Load,2.0
Voltas,Beko with In-built Heater,25490,,9.0,Fully Automatic,Top Load,10.0
Samsung,with In-built Heater,57990,,12.0,Fully Automatic,Front Load,2.0
Samsung,with In-built Heater,58990,,12.0,Fully Automatic,Front Load,2.0
IFB,with In-built Heater,33910,3.3,8.0,Fully Automatic,Front Load,4.0
realme,TechLife rating,7990,4.2,7.0,Semi Automatic,Top Load,2.0
realme,TechLife Rating,8390,4.2,7.5,Semi Automatic,Top Load,2.0
Haier,with In-built Heater,43623,,10.5,Fully Automatic,Front Load,1.0
Haier,with In-built Heater,23000,,7.5,Fully Automatic,Top Load,1.0
realme,TechLife Rating Fabric Safe Wash,12290,4.1,7.5,Fully Automatic,Top Load,2.0
LG,Smart Inverter Technology TurboDrum Smart Diagnosis with Soft Closing Door Fully Aut...,19990,4.4,8.0,,,2.0
Lloyd,by Havells Purple,20500,,8.0,Semi Automatic,Top Load,2.0
Lloyd,by Havells Beige,15499,3.5,8.5,Semi Automatic,Top Load,2.0
LG,withWi-Fi Enabled,21524,,6.5,Fully Automatic,Top Load,2.0
LG,with Wi-Fi EnabledAI Direct Drive Technology with ...,49990,,11.0,Fully Automatic,Front Load,2.0
MarQ,by Flipkart Rating Innowash Range,7490,4.3,7.0,Semi Automatic,Top Load,2.0
Whirlpool,Magic Clean,14590,4.2,6.5,Fully Automatic,Top Load,2.0
BLACK+DECKER,+DECKER with In-built Heater,29999,,9.0,Fully Automatic,Top Load,2.0
BLACK+DECKER,+DECKER with In-built Heater,27999,,8.0,Fully Automatic,Top Load,2.0
Whirlpool,Magic Clean,14990,4.1,7.0,Fully Automatic,Top Load,2.0
realme,TechLife Star Air Dry Soft Closing Lid,12290,4.2,7.5,Fully Automatic,Top Load,
Whirlpool,with In-built Heater,39899,,6.5,Fully Automatic,Front Load,3.0
Haier,with In-built Heater,31990,,8.0,Fully Automatic,Front Load,2.0
